Date,Nvidia,AAPL,BAESY,CJJD,AZN,SAS,TSLA,Saab AB,PFE,GME,HSBC,LVMH,,,,,,,,,,,,,
08/07/2013,0.0281,0.0218,0.0478,0.0909,0.0321,-0.0232,0.0817,0.0439,0.03,0.0042,0.0231,0.0656,,,,,,,,,,,,,
15/07/2013,-0.0273,-0.0037,0.0151,0.2833,0.0085,0.004,-0.0787,-0.0957,0.0097,0.0067,0.0273,-0.0023,,,,,,,,,,,,,
22/07/2013,-0.0028,0.0377,0.0339,-0.2727,0.011,0.0039,0.0811,-0.0256,0.0096,0.0538,0.0048,0.0158,,,,,,,,,,,,,
29/07/2013,0.0394,0.0489,0.0247,0,0.0127,0.0078,0.0665,-0.0189,0,0.1002,0.0235,0.0415,,,,,,,,,,,,,
05/08/2013,-0.0183,-0.0175,-0.0115,-0.0179,-0.0086,0.1089,0.1087,-0.0017,0.0027,-0.0282,-0.0469,-0.0114,,,,,,,,,,,,,
12/08/2013,0.0483,0.1127,0.0018,0.0545,-0.015,-0.0526,-0.0719,0.0084,-0.0288,-0.0284,0.0018,0.0133,,,,,,,,,,,,,
19/08/2013,-0.0151,-0.0026,0.0203,-0.0345,0.0317,-0.037,0.1397,-0.0175,-0.0011,0.0849,-0.0164,-0.0135,,,,,,,,,,,,,
26/08/2013,-0.0091,-0.0275,-0.0391,-0.0893,-0.0288,-0.0346,0.0442,0.0288,-0.0046,-0.0273,-0.0283,-0.0464,,,,,,,,,,,,,
02/09/2013,0.0088,0.0226,0.0322,0.0784,-0.0067,0.2669,-0.012,0.0305,0.0025,-0.0065,0.0553,0.0355,,,,,,,,,,,,,
09/09/2013,0.0618,-0.0669,0.0133,-0.0909,0.0362,0.2013,-0.0086,0.0735,0.0081,0.0572,0.0103,0.0321,,,,,,,,,,,,,
16/09/2013,-0.0006,0.0054,0.0106,0.02,0.0257,0.0471,0.1078,-0.0179,0.0161,-0.0576,-0.0134,0.0452,,,,,,,,,,,,,
23/09/2013,-0.0133,0.0328,0.0561,0.1765,-0.0035,0.145,0.041,-0.0015,-0.0031,0.0045,-0.0063,-0.0135,,,,,,,,,,,,,
30/09/2013,0.0006,0.0006,-0.0358,0.4333,-0.0087,0.0961,-0.052,-0.0175,0.0042,0.0211,-0.0005,0.0045,,,,,,,,,,,,,
07/10/2013,-0.0212,0.0202,-0.0379,-0.0349,-0.007,-0.2072,-0.0126,-0.0031,-0.0097,0.017,0.0108,-0.0034,,,,,,,,,,,,,
14/10/2013,0.036,0.0326,0.0372,0.8554,0.0031,-0.0101,0.0263,-0.0078,0.0623,0.045,-0.0025,-0.0356,,,,,,,,,,,,,
21/10/2013,-0.0361,0.0335,0.0141,-0.3247,0.0317,-0.0457,-0.0749,0.0242,0.0033,0.0186,0.0016,-0.0131,,,,,,,,,,,,,
28/10/2013,0.0013,-0.0113,0.0113,-0.0481,-0.0009,0.0106,-0.0441,-0.0031,0.0183,0.0031,0.0074,0.0147,,,,,,,,,,,,,
04/11/2013,0.0197,0.001,0.0099,0.0707,-0.0017,-0.0947,-0.1493,-0.0283,0.0048,0.0078,0.0132,-0.0127,,,,,,,,,,,,,
11/11/2013,0.0392,0.0144,-0.0129,0.0189,0.0127,0.0058,-0.0181,0.0315,0.0361,0.0189,-0.0061,0.0068,,,,,,,,,,,,,
18/11/2013,-0.0612,-0.0099,-0.0336,-0.1204,0.0509,0.0405,-0.1039,0.0389,-0.0025,-0.118,0.0077,-0.0025,,,,,,,,,,,,,
25/11/2013,0.0332,0.0698,0.0028,-0.1579,0.0216,0.0222,0.0486,-0.0073,-0.0121,-0.0323,0.0012,-0.0089,,,,,,,,,,,,,
02/12/2013,-0.0083,0.0071,-0.0276,0.1,-0.0012,-0.0815,0.0792,-0.0318,-0.006,-0.0657,-0.0333,-0.0529,,,,,,,,,,,,,
09/12/2013,-0.0291,-0.01,0.0418,0.0682,0.0037,0.0296,0.0749,-0.0199,-0.0409,0.055,-0.0216,-0.0234,,,,,,,,,,,,,
16/12/2013,0.0446,-0.0098,-0.0321,0,0.0173,-0.0057,-0.0299,0.33,0,0.0414,0.0089,0.02,,,,,,,,,,,,,
23/12/2013,0.0045,0.0202,0.0549,0.0213,0.0161,-0.0173,0.055,0.0182,0.0129,-0.0043,0.023,0.0196,,,,,,,,,,,,,
30/12/2013,-0.0057,-0.0341,-0.0174,0.1458,-0.0067,0.0059,-0.0103,0.0023,-0.0039,0.0041,-0.0122,-0.0102,,,,,,,,,,,,,
06/01/2014,0.0038,-0.0149,0.0091,0.2727,0.0275,0.117,-0.0257,0.0626,0.0056,-0.0755,0.0346,-0.0397,,,,,,,,,,,,,
13/01/2014,0.0165,0.0145,0.0117,0.0643,0.0537,0.0262,0.1667,-0.0097,0.013,-0.1729,-0.0055,0.0072,,,,,,,,,,,,,
20/01/2014,-0.0269,0.01,-0.0321,0,0.0075,-0.0561,0.027,-0.0825,-0.0322,-0.03,-0.044,-0.0197,,,,,,,,,,,,,
27/01/2014,0.009,-0.0833,0.0049,-0.0134,-0.0111,-0.0216,0.039,0.0119,0.0103,-0.0397,-0.0321,0.064,,,,,,,,,,,,,
03/02/2014,0.0108,0.0381,0.0011,-0.0816,0.0041,0.0221,0.0282,-0.0206,0.027,0.0123,0.0052,0.0155,,,,,,,,,,,,,
10/02/2014,0.1285,0.053,0.0245,0.1926,0.0571,0.0541,0.0627,-0.0024,0.0316,0.0031,0.0327,0.0045,,,,,,,,,,,,,
17/02/2014,0.0408,-0.0344,-0.0557,-0.0994,-0.0117,0.0051,0.0574,0.0151,-0.015,-0.0014,0.0165,0.0197,,,,,,,,,,,,,
24/02/2014,-0.0139,0.0019,0.0011,0.1724,0.0464,-0.0867,0.168,0.0522,0.0207,0.0492,-0.0283,-0.0189,,,,,,,,,,,,,
03/03/2014,0.0034,0.008,-0.0076,0.3588,-0.0121,-0.0503,0.0057,-0.0147,0.01,0.0324,-0.0102,-0.0237,,,,,,,,,,,,,
10/03/2014,-0.0294,-0.0108,-0.0543,-0.1645,-0.0245,-0.1,-0.0619,0.0183,-0.037,0.0119,-0.0454,-0.0372,,,,,,,,,,,,,
17/03/2014,0.0404,0.0156,0.0536,0.3368,-0.0178,-0.049,-0.009,0.0253,0.0304,-0.0214,0.018,0.0174,,,,,,,,,,,,,
24/03/2014,-0.0345,0.0075,-0.0007,-0.1783,0.0165,-0.0309,-0.0722,0.0641,-0.0093,0.074,0.0207,0.0372,,,,,,,,,,,,,
31/03/2014,0.014,-0.0094,0.0007,-0.0566,-0.012,0.0638,-0.0007,0.034,0.0088,0.0547,-0.001,-0.0007,,,,,,,,,,,,,
07/04/2014,-0.0017,-0.023,-0.019,0.08,-0.0283,-0.0533,-0.0398,-0.008,-0.0715,-0.0542,0.0163,0.0565,,,,,,,,,,,,,
14/04/2014,0.0243,0.0103,-0.0119,-0.0463,0.0142,-0.0282,-0.0278,0.0254,0.0131,0.0234,0.0099,0.0106,,,,,,,,,,,,,
21/04/2014,0.0092,0.0895,0.058,0.0437,0.0814,0.0326,0.0087,-0.003,0.0165,-0.0506,-0.0251,0.0083,,,,,,,,,,,,,
28/04/2014,-0.016,0.0361,0.0051,-0.0744,0.18,-0.0175,0.0553,-0.0161,0,0.014,0.0043,-0.0081,,,,,,,,,,,,,
05/05/2014,-0.0206,-0.0119,0.0088,-0.0101,-0.0467,-0.1214,-0.1358,-0.0194,-0.0559,-0.0842,-0.0145,0.0075,,,,,,,,,,,,,
12/05/2014,-0.005,0.0261,0.012,-0.0051,0.0394,-0.0041,0.051,-0.0146,0.012,-0.0093,0.0572,0.0134,,,,,,,,,,,,,
19/05/2014,0.0295,0.0278,0.0036,-0.1684,-0.0997,0.0367,0.0822,0.0095,0.0127,0.061,-0.0244,-0.0042,,,,,,,,,,,,,
26/05/2014,0.0323,0.0307,0.02,0.092,-0.0011,0,0.0023,0.0026,0.0047,-0.0151,0.0253,0.0196,,,,,,,,,,,,,
02/06/2014,0.0016,0.0199,0.0088,-0.0899,0.0091,0.0709,0.0019,0.0172,-0.0071,-0.0151,-0.0049,-0.0185,,,,,,,,,,,,,
09/06/2014,0.0268,-0.0102,0.0104,-0.0123,0.0189,-0.0735,-0.0084,0.0385,0.0037,0.0009,-0.004,0.008,,,,,,,,,,,,,
16/06/2014,-0.0312,-0.0041,0.0048,-0.0313,0.0166,0,0.1122,-0.0163,0.0085,0.0843,-0.0088,0.009,,,,,,,,,,,,,
23/06/2014,-0.0291,0.0118,0.0171,-0.0774,-0.0182,-0.0317,0.0412,0.0231,-0.0037,0.006,-0.0162,-0.0367,,,,,,,,,,,,,
30/06/2014,0.0256,0.0223,-0.0077,0.1818,0.0208,0.041,-0.041,0.0147,0.029,0.0349,0.022,0.0036,,,,,,,,,,,,,
07/07/2014,0.0106,0.0127,-0.0224,-0.0828,-0.0149,0.0157,-0.0485,-0.03,-0.0151,-0.0125,-0.0282,-0.0106,,,,,,,,,,,,,
14/07/2014,-0.032,-0.0083,0.0021,-0.0516,0.0001,-0.031,0.0087,-0.021,0.0219,0.0386,0.0101,-0.0068,,,,,,,,,,,,,
21/07/2014,-0.0352,0.0343,0.01,0.0612,-0.0005,0.012,0.0161,0.001,-0.0176,0.0665,0.0335,-0.0488,,,,,,,,,,,,,
28/07/2014,-0.0056,-0.0158,-0.0103,-0.0705,-0.0254,-0.0079,0.0434,-0.0586,-0.0441,-0.0976,0.0011,-0.0258,,,,,,,,,,,,,
04/08/2014,0.0741,-0.0145,-0.0059,0.0207,-0.0565,-0.0598,0.0637,-0.0341,-0.0094,-0.0126,0.0021,-0.0125,,,,,,,,,,,,,
11/08/2014,0.0021,0.0393,0.023,-0.0135,0.0007,-0.0127,0.0559,0.0319,0.0106,-0.026,0.0157,0.0043,,,,,,,,,,,,,
18/08/2014,0.0021,0.0341,-0.0024,-0.0068,0.0798,-0.0258,-0.02,0.0141,0.0098,0.0822,-0.0095,0.0181,,,,,,,,,,,,,
25/08/2014,0.0239,0.0116,0.0061,-0.0207,0.0405,-0.0044,0.0503,0.0086,0.0163,-0.0163,0.0236,0.0197,,,,,,,,,,,,,
01/09/2014,0.0267,-0.0344,0.0098,-0.0141,-0.0167,0.0133,0.0285,-0.0048,0.0088,0.0803,-0.0009,0.0348,,,,,,,,,,,,,
08/09/2014,-0.0426,0.0272,0.001,-0.0214,-0.0193,0.0742,0.0065,0.0123,-0.0074,-0.036,-0.0118,-0.0033,,,,,,,,,,,,,
15/09/2014,-0.0021,-0.0069,0.0308,0.0292,0.0194,0.061,-0.0712,-0.0548,0.033,-0.0053,0.0109,-0.0128,,,,,,,,,,,,,
22/09/2014,-0.0278,-0.0021,-0.0016,0.3404,-0.0369,-0.023,-0.0491,-0.0223,-0.0224,-0.0309,-0.0163,-0.0268,,,,,,,,,,,,,
29/09/2014,-0.0173,-0.0112,-0.041,0.0106,-0.0295,-0.0588,0.0349,0.0085,-0.0168,-0.0376,-0.0501,-0.0229,,,,,,,,,,,,,
06/10/2014,-0.0757,0.0111,-0.0289,-0.0838,-0.0205,-0.0792,-0.0717,-0.0384,-0.0031,-0.0531,-0.0129,-0.0223,,,,,,,,,,,,,
13/10/2014,0.0338,-0.0304,0.001,-0.1714,-0.0088,0.0226,-0.0398,-0.0006,-0.0446,0.0405,0.0086,0.0016,,,,,,,,,,,,,
20/10/2014,0.0608,0.0773,-0.0021,0,0.0341,0.0354,0.0341,0.0688,0.046,0.0544,0.0094,0.0244,,,,,,,,,,,,,
27/10/2014,0.0574,0.0264,0.0485,0.2414,0.0402,-0.0299,0.0275,0.0974,0.0289,0.0174,0.0172,0.0554,,,,,,,,,,,,,
03/11/2014,0.0128,0.0094,-0.0146,-0.0389,-0.0008,0.0308,-0.0062,-0.005,-0.001,0.0217,-0.0182,-0.0107,,,,,,,,,,,,,
10/11/2014,0,0.052,-0.0045,0.1503,-0.0004,-0.0085,0.0769,0.0126,0.0228,0.0163,0.0036,0.0288,,,,,,,,,,,,,
17/11/2014,0.0333,0.0201,0.0115,0.0955,0.0235,0.1724,-0.0615,0.0124,0.0036,-0.1473,-0.0153,0.0523,,,,,,,,,,,,,
24/11/2014,0.0298,0.0211,0.0316,-0.0596,-0.0052,0.125,0.0072,0.0231,0.023,0.0062,0.0051,-0.0031,,,,,,,,,,,,,
01/12/2014,0.0048,-0.033,-0.001,0.0488,-0.0061,0.0523,-0.0851,-0.0216,0.027,-0.0103,0.0066,0.0087,,,,,,,,,,,,,
08/12/2014,-0.0683,-0.0458,-0.0839,-0.014,-0.026,0.0186,-0.0747,-0.0363,-0.0325,-0.1368,-0.0539,-0.0476,,,,,,,,,,,,,
15/12/2014,0.0402,0.0187,0.0516,-0.0472,-0.0015,-0.1006,0.0594,0.0306,0.032,0.0681,0.0034,-0.0556,,,,,,,,,,,,,
22/12/2014,0.0083,0.0198,0.0266,0.0099,-0.0109,-0.0644,0.0389,0.0094,-0.0091,-0.0246,0.0101,0.015,,,,,,,,,,,,,
29/12/2014,-0.0223,-0.0409,-0.033,0.2549,-0.0072,0.1449,-0.0374,-0.0279,-0.0101,0.0045,-0.0198,-0.008,,,,,,,,,,,,,
05/01/2015,-0.0094,0.0245,-0.0132,0.082,-0.0136,0.019,-0.0577,-0.0252,0.0421,-0.0453,-0.0317,-0.0241,,,,,,,,,,,,,
12/01/2015,0.001,-0.0537,0.0409,0.065,0.0376,0.1491,-0.0658,-0.0196,0.0046,0.1264,-0.0075,0.0509,,,,,,,,,,,,,
19/01/2015,0.0376,0.0659,0.059,-0.0949,-0.0189,-0.0541,0.0426,0.0633,-0.0107,0.0289,0.0351,0.057,,,,,,,,,,,,,
26/01/2015,-0.0729,0.037,-0.0285,0.03,0.005,-0.0571,0.0115,0.0005,-0.037,-0.0575,-0.0237,0.0116,,,,,,,,,,,,,
02/02/2015,0.0625,0.0151,0.0376,-0.0618,-0.0472,0.0545,0.0676,0.0074,0.0614,0.0428,0.0297,0.0648,,,,,,,,,,,,,
09/02/2015,0.0936,0.0727,0.0251,0.0039,0.0335,0.023,-0.0625,0.0733,0.0535,0.0161,-0.0202,0.0373,,,,,,,,,,,,,
16/02/2015,0.0013,0.019,0.0198,0.0425,-0.0197,0.0337,0.0655,0.0073,-0.0023,0.0037,0.0119,0.0158,,,,,,,,,,,,,
23/02/2015,-0.0125,-0.008,-0.0055,0.1111,0.0329,-0.0054,-0.0634,0.0159,-0.0069,-0.0139,-0.0441,0.018,,,,,,,,,,,,,
02/03/2015,0.0261,-0.0145,-0.0092,-0.0633,-0.0382,-0.0874,-0.0465,-0.0157,-0.0102,0.0863,-0.0406,0.0305,,,,,,,,,,,,,
09/03/2015,0.0067,-0.0238,-0.0281,-0.0036,0.0163,-0.0299,-0.0268,0.0032,0.0009,0.0134,-0.0073,0.0139,,,,,,,,,,,,,
16/03/2015,0.0339,0.0187,0.0371,-0.0071,0.0794,-0.0062,0.0498,0.0454,0.0074,0.0146,0.0484,-0.0117,,,,,,,,,,,,,
23/03/2015,-0.089,-0.021,-0.0306,-0.018,-0.0362,-0.0124,-0.066,-0.0148,0.0082,-0.0626,-0.0101,-0.0414,,,,,,,,,,,,,
30/03/2015,-0.015,0.0168,-0.0192,0.1355,-0.0181,0.0314,0.0324,0.0357,-0.0043,-0.0042,0.0007,0.008,,,,,,,,,,,,,
06/04/2015,0.0807,0.0142,0.0167,0.0032,0.0161,0.0793,0.1042,0.0051,0.0308,0.0576,0.0357,0.0541,,,,,,,,,,,,,
13/04/2015,-0.0246,-0.0185,-0.0253,0.045,0.0202,-0.0904,-0.0195,-0.0398,-0.0113,-0.0183,0.0038,-0.0403,,,,,,,,,,,,,
20/04/2015,-0.0077,0.0443,0.0371,0.2338,0.0066,0.0311,0.0563,-0.0067,0.0066,0.0265,0.0635,-0.0266,,,,,,,,,,,,,
27/04/2015,0.0327,-0.0102,-0.0157,-0.0524,-0.0545,-0.0301,0.0348,-0.0222,-0.0337,-0.0378,0.0319,-0.016,,,,,,,,,,,,,
04/05/2015,-0.0844,-0.0103,0.0254,-0.0158,0.0301,-0.0124,0.0468,-0.019,-0.0018,0.026,0.0051,0.0268,,,,,,,,,,,,,
11/05/2015,0.0226,0.0132,0.0111,0.0374,-0.009,0,0.0517,0.033,0.0074,-0.0032,-0.0135,-0.0127,,,,,,,,,,,,,
18/05/2015,-0.0207,0.0293,0.0069,-0.134,0.0023,0.0126,-0.0045,0.0228,0.0085,0.0185,-0.0143,0.0482,,,,,,,,,,,,,
25/05/2015,0.0658,-0.0171,-0.0131,-0.0685,-0.0274,-0.0497,0.0124,-0.0214,0.0137,0.064,-0.0023,-0.0255,,,,,,,,,,,,,
01/06/2015,0.0059,-0.0125,-0.0386,0.0895,-0.0078,-0.0556,-0.0066,-0.031,-0.019,0.0168,-0.0067,-0.0114,,,,,,,,,,,,,
08/06/2015,-0.0517,-0.0115,-0.0016,0.1232,-0.0198,0.0242,0.0062,-0.0113,0.0035,-0.0267,0.0057,0.0128,,,,,,,,,,,,,
15/06/2015,0.036,-0.0045,-0.0122,-0.1358,0.0154,0.0541,0.0471,-0.0348,-0.0009,0.0113,-0.0143,-0.0148,,,,,,,,,,,,,
22/06/2015,-0.0517,0.0012,-0.02,0,-0.0055,-0.0256,0.0174,0.0148,-0.0076,0.022,-0.0058,0.0703,,,,,,,,,,,,,
29/06/2015,-0.0154,-0.0024,-0.0402,0.0121,-0.0139,0.0197,0.0484,0.0088,-0.0162,-0.0109,-0.0284,-0.0791,,,,,,,,,,,,,
06/07/2015,-0.0328,-0.025,0.0443,-0.191,0.0159,-0.0129,-0.0745,0.0198,0.0297,0.0781,-0.029,0.007,,,,,,,,,,,,,
13/07/2015,0.0162,0.0514,0.0248,0.1402,0.0161,-0.0065,0.0598,0.0198,0.0207,-0.0062,0.0328,0.0517,,,,,,,,,,,,,
20/07/2015,-0.0324,-0.0395,-0.0567,-0.2006,-0.0261,0.0724,-0.0337,-0.0352,-0.0231,-0.0253,-0.0274,-0.0054,,,,,,,,,,,,,
27/07/2015,0.0273,-0.0257,0.0534,0.0526,0.0277,-0.0613,0.0028,0.0005,0.0525,0.0079,0.0227,0.028,,,,,,,,,,,,,
03/08/2015,0.1519,-0.0477,-0.0263,-0.1,-0.003,0.0588,-0.0888,0.0466,-0.0241,-0.0148,0.0093,0.0161,,,,,,,,,,,,,
10/08/2015,0.0244,0.0084,0.0086,-0.0385,-0.0068,-0.0247,0.0026,-0.0028,0.0115,0.0503,-0.038,-0.0799,,,,,,,,,,,,,
17/08/2015,-0.0879,-0.088,-0.0564,-0.1511,-0.042,-0.038,-0.0509,-0.0515,-0.0504,-0.055,-0.0637,-0.0871,,,,,,,,,,,,,
24/08/2015,0.0631,0.0712,0.0036,-0.0209,0.0013,0.0132,0.0767,0.05,-0.0262,-0.0522,-0.0153,0.036,,,,,,,,,,,,,
31/08/2015,-0.0431,-0.0355,-0.0359,-0.0535,0.0009,0.0065,-0.0264,0.0139,-0.0395,-0.0292,-0.0556,-0.0331,,,,,,,,,,,,,
07/09/2015,0.0414,0.0452,0.0379,0.0452,0.0505,0.0065,0.0343,0.0223,0.051,0.0461,0.0382,0.0151,,,,,,,,,,,,,
14/09/2015,0.0283,-0.0067,-0.0219,0.0108,0.0321,0,0.0415,0.0031,-0.0036,-0.0119,-0.0253,0.0169,,,,,,,,,,,,,
21/09/2015,0.0137,0.0111,-0.0293,-0.0267,-0.0585,-0.0256,-0.0142,-0.0315,-0.0292,-0.03,-0.0018,0.0033,,,,,,,,,,,,,
28/09/2015,0.0504,-0.0377,0.0291,0.011,-0.0077,0.0263,-0.0364,0.0197,0.0373,0.0122,0.0231,-0.0129,,,,,,,,,,,,,
05/10/2015,0.0512,0.0158,0.0517,0.0109,0.0037,0.0128,-0.1086,0.0288,0.0048,0.0701,0.0419,0.1109,,,,,,,,,,,,,
12/10/2015,0.0687,-0.0096,-0.0195,0.0484,0.0037,-0.0127,0.0286,-0.0052,0.0352,0.0011,-0.0049,-0.0428,,,,,,,,,,,,,
19/10/2015,0.0262,0.0724,-0.0121,-0.0718,-0.0306,0.0513,-0.0789,0.0396,-0.0105,0.02,-0.0114,0.0756,,,,,,,,,,,,,
26/10/2015,-0.0077,0.0035,-0.0075,0.0276,0.0169,0.0061,-0.0103,0.0178,-0.0068,0.0159,-0.0086,-0.0062,,,,,,,,,,,,,
02/11/2015,0.1121,0.0131,-0.01,0.0161,0.0063,0.0545,0.1229,0.0328,0.0033,0.0163,0.0202,-0.005,,,,,,,,,,,,,
09/11/2015,-0.0555,-0.0681,0.0265,-0.0265,-0.0249,0.0747,-0.1083,0.0306,-0.0115,-0.2059,-0.0236,-0.0376,,,,,,,,,,,,,
16/11/2015,0.0534,0.062,0.0818,-0.0163,0.0892,0.0214,0.0619,0.0226,-0.0328,0.0559,0.0357,-0.0009,,,,,,,,,,,,,
23/11/2015,0.0038,-0.0125,0.0501,-0.0276,-0.0009,0.0052,0.0527,0.0111,0.019,-0.0828,-0.0047,-0.0388,,,,,,,,,,,,,
30/11/2015,0.0752,0.0104,-0.0122,0.1477,-0.0038,0.026,-0.0053,-0.0015,0.0003,-0.0753,-0.0065,-0.0237,,,,,,,,,,,,,
07/12/2015,-0.0373,-0.0491,-0.0402,-0.0396,-0.0198,0.1015,-0.058,-0.0174,-0.0226,-0.0897,-0.0499,-0.0398,,,,,,,,,,,,,
14/12/2015,-0.0108,-0.0632,-0.0159,-0.0361,-0.0135,0.1106,0.0619,-0.0192,-0.0022,-0.0413,0.0372,0.0003,,,,,,,,,,,,,
21/12/2015,0.032,0.0189,0.0223,0.0588,0.0405,-0.0124,0.0005,0.0145,0.0197,-0.0136,0.0275,0.0072,,,,,,,,,,,,,
28/12/2015,-0.0063,-0.0256,-0.0111,-0.0354,-0.0053,0.0252,0.0409,0.0085,-0.0104,-0.0116,-0.0221,0.0075,,,,,,,,,,,,,
04/01/2016,-0.101,-0.0789,0.0163,-0.0785,-0.0642,0.1516,-0.1209,-0.0487,-0.0397,0.0118,-0.0841,-0.0802,,,,,,,,,,,,,
11/01/2016,-0.085,0.0018,-0.0284,-0.0284,-0.0371,-0.153,-0.0285,-0.0202,-0.0061,-0.0962,-0.042,0.0151,,,,,,,,,,,,,
18/01/2016,0.0494,0.0442,-0.0272,-0.0409,0.0291,0.042,-0.0119,0.0366,-0.0032,0.0012,-0.0023,0.0418,,,,,,,,,,,,,
25/01/2016,0.0295,-0.0402,0.0456,-0.0244,0.0235,-0.0081,-0.056,0.0246,-0.0072,0.021,0.0246,0.0353,,,,,,,,,,,,,
01/02/2016,-0.0976,-0.0341,-0.0615,-0.0125,-0.068,-0.0732,-0.1496,-0.0542,-0.0479,0.0237,-0.0585,0.0304,,,,,,,,,,,,,
08/02/2016,-0.0265,0.0051,-0.0202,0.1013,-0.0123,-0.0789,-0.0711,0.0184,0.0215,0.0056,-0.0423,-0.0439,,,,,,,,,,,,,
15/02/2016,0.1831,0.0218,0.0658,-0.0517,-0.0034,0.0571,0.1029,0.072,0.0044,0.0448,0.0081,0.0582,,,,,,,,,,,,,
22/02/2016,0.0407,0.0091,-0.0255,-0.0121,0.0257,0.018,0.1426,0.0244,0.0251,0.0834,0,-0.0084,,,,,,,,,,,,,
29/02/2016,0.0275,0.0629,0.0131,-0.0123,-0.017,0.0752,0.0562,0.0092,-0.0172,0.0226,0.0037,0.001,,,,,,,,,,,,,
07/03/2016,-0.0065,-0.0073,-0.0059,0,0.0242,-0.0823,0.0321,-0.0142,0.0266,-0.0041,0.046,0.0267,,,,,,,,,,,,,
14/03/2016,0.0493,0.0358,0.0091,0.0248,-0.0369,-0.0224,0.1216,-0.0129,-0.0344,0.0026,-0.0034,-0.0324,,,,,,,,,,,,,
21/03/2016,0.0198,-0.0024,-0.0136,-0.0182,-0.0169,-0.0321,-0.0214,0.0205,0.0214,-0.0182,-0.0435,-0.0338,,,,,,,,,,,,,
28/03/2016,0.0484,0.0409,0.0064,-0.0185,0.0079,0.09,0.0432,0.0051,-0.0013,0.0353,-0.0093,0.0109,,,,,,,,,,,,,
04/04/2016,-0.0136,-0.0121,-0.0123,0.0252,0.0436,0.0174,0.0525,-0.04,0.0819,-0.059,-0.0427,-0.0212,,,,,,,,,,,,,
11/04/2016,0.0412,0.011,0.0281,-0.0123,0.0088,0.0214,0.0178,-0.0477,0,0.078,0.0784,0.0463,,,,,,,,,,,,,
18/04/2016,-0.0232,-0.038,-0.0252,0.0248,0.0131,-0.0502,-0.003,0.0636,0.0237,0.0318,0.0545,-0.0174,,,,,,,,,,,,,
25/04/2016,-0.0204,-0.113,0.0142,0.0061,-0.0379,0.0132,-0.0512,0.0473,-0.0168,0,-0.0098,-0.0168,,,,,,,,,,,,,
02/05/2016,-0.0056,-0.0109,0.0125,-0.0301,-0.0345,-0.0304,-0.1073,0.0033,0.0266,-0.0826,-0.0537,-0.0096,,,,,,,,,,,,,
09/05/2016,0.1599,-0.0178,-0.0177,0.0248,0.0193,-0.0135,-0.0341,0.025,-0.0116,-0.0452,-0.0231,0.0115,,,,,,,,,,,,,
16/05/2016,0.0817,0.0519,0.0076,-0.0303,0.0067,0.0136,0.061,0.0046,0.0257,-0.0087,0.0097,-0.0079,,,,,,,,,,,,,
23/05/2016,0.0354,0.0539,0.0071,0.0125,0.0415,0.0224,0.0125,-0.0004,0.0258,0.0112,0.0704,0.0059,,,,,,,,,,,,,
30/05/2016,0.0153,-0.0242,0.0121,0,-0.005,-0.0088,-0.0182,-0.0356,0.0023,-0.0059,-0.007,0.0014,,,,,,,,,,,,,
06/06/2016,-0.006,0.0093,-0.0477,-0.0185,-0.0592,-0.115,-0.0009,-0.0318,0.0173,-0.0733,-0.047,-0.0176,,,,,,,,,,,,,
13/06/2016,0.0113,-0.0354,0.0147,0.0314,-0.0139,-0.105,-0.0152,-0.0166,-0.0303,-0.0014,0.0045,-0.0364,,,,,,,,,,,,,
20/06/2016,-0.0212,-0.0202,-0.0544,-0.0183,0.0102,-0.0223,-0.1036,0.0545,-0.0073,-0.031,-0.0151,-0.0171,,,,,,,,,,,,,
27/06/2016,0.0203,0.0267,0.0905,0.1553,0.0919,-0.08,0.1209,-0.008,0.0471,0.0679,0.0212,0.0074,,,,,,,,,,,,,
04/07/2016,0.0898,0.0082,-0.019,0.0054,-0.0102,0.087,0.0013,0.0264,0.0155,0.0115,-0.0262,-0.0129,,,,,,,,,,,,,
11/07/2016,0.0364,0.0217,0.0204,-0.0588,0.0043,-0.0229,0.0167,0.0225,0.018,0.0227,0.0442,0.0417,,,,,,,,,,,,,
18/07/2016,0.0374,-0.0012,-0.0176,0.1193,0.0294,-0.0409,0.0085,-0.0269,-0.0008,0.1008,0.0163,0.0164,,,,,,,,,,,,,
25/07/2016,0.0444,0.0563,0.0125,0.0355,0.0967,0.0244,0.0563,0.0557,0.0041,0.0045,0.0114,0.078,,,,,,,,,,,,,
01/08/2016,0.0193,0.0314,-0.0184,-0.0392,0.0041,0.0119,-0.0203,-0.032,-0.0393,-0.0294,0.0626,0,,,,,,,,,,,,,
08/08/2016,0.0832,0.012,-0.0097,-0.0255,-0.0216,0.0765,-0.0192,0.0352,-0.0048,0.0436,0.0129,0.0339,,,,,,,,,,,,,
15/08/2016,-0.0124,0.0109,0.0127,0,0.014,-0.0492,-0.0027,-0.0068,0,0.0118,0.0248,-0.0098,,,,,,,,,,,,,
22/08/2016,-0.0037,-0.0221,0.0129,-0.0052,-0.0152,0.0172,-0.0223,0.0092,-0.0046,-0.0939,0.0073,-0.0073,,,,,,,,,,,,,
29/08/2016,0.0099,0.0074,0.0301,0.0263,0.0079,0.0282,-0.101,-0.0142,-0.0014,-0.0122,0.0775,0.0019,,,,,,,,,,,,,
05/09/2016,-0.0481,-0.0427,0.0007,-0.041,-0.0333,-0.011,-0.0167,-0.0179,-0.0193,-0.0426,-0.0122,-0.0256,,,,,,,,,,,,,
12/09/2016,0.0558,0.1143,-0.0364,-0.0267,0.0503,-0.0611,0.0562,0.0494,-0.0047,0.0099,-0.0265,-0.0365,,,,,,,,,,,,,
19/09/2016,0.0336,-0.0192,-0.0282,-0.011,0.0044,-0.0059,0.01,0.004,0.0094,0.0406,0.0011,0.0484,,,,,,,,,,,,,
26/09/2016,0.055,0.003,0.0029,-0.0111,-0.0327,0.0179,-0.0165,0.0146,-0.0114,-0.0213,0.0108,-0.0127,,,,,,,,,,,,,
03/10/2016,-0.0244,0.0089,-0.0102,-0.0169,-0.0173,-0.0292,-0.0364,0.0062,-0.0092,-0.033,0.025,0.0237,,,,,,,,,,,,,
10/10/2016,-0.0129,0.0313,-0.0259,0.0571,-0.0526,-0.0723,-0.0005,0.0091,-0.0268,-0.0487,-0.0228,0.0734,,,,,,,,,,,,,
17/10/2016,0.0235,-0.0088,-0.0004,-0.0811,0.0042,0,0.0182,0.0316,-0.0147,-0.0146,0.0149,0.0021,,,,,,,,,,,,,
24/10/2016,0.0447,-0.0247,0.017,-0.0176,-0.069,0,-0.0006,-0.0009,-0.0078,-0.0444,0.0031,0.0048,,,,,,,,,,,,,
31/10/2016,-0.0424,-0.0429,0.019,-0.024,-0.0329,-0.0455,-0.0471,-0.0501,-0.0604,-0.1326,-0.0217,-0.0372,,,,,,,,,,,,,
07/11/2016,0.3019,0.0013,0.1102,0.0184,0.0116,-0.0442,-0.0105,0.0932,0.0863,0.0767,0.0594,0.0019,,,,,,,,,,,,,
14/11/2016,0.0613,0.015,-0.0168,0.0723,-0.0307,0.089,-0.0188,-0.0045,-0.0244,0.0511,-0.0054,0.0201,,,,,,,,,,,,,
21/11/2016,0.0086,0.0157,0.0252,-0.0449,-0.0007,-0.0261,0.0629,0.0194,0.0067,0.1006,0.0208,0.0227,,,,,,,,,,,,,
28/11/2016,-0.0592,-0.0169,0.002,-0.0294,-0.0446,-0.0201,-0.0772,0.0071,-0.0019,-0.06,-0.0035,0.0009,,,,,,,,,,,,,
05/12/2016,0.0381,0.0369,0.0083,0.0667,0.0491,0.024,0.059,-0.0021,0.0022,0.0881,0.0743,0.0499,,,,,,,,,,,,,
12/12/2016,0.0936,0.0177,-0.026,0,0.0258,0.01,0.0536,0.0071,0.036,-0.0231,-0.03,0.0176,,,,,,,,,,,,,
19/12/2016,0.0933,0.0047,-0.0145,0.0227,-0.0197,-0.053,0.0536,-0.0018,-0.011,-0.0004,-0.036,0.0006,,,,,,,,,,,,,
26/12/2016,-0.0277,-0.006,-0.0038,-0.0556,0.0004,-0.0245,0.0016,0.0006,0,-0.0059,0.0078,0.0117,,,,,,,,,,,,,
02/01/2017,-0.0341,0.018,0.021,0.0059,0.0406,0.0394,0.0717,0.007,0.0308,-0.0293,0.0241,-0.0119,,,,,,,,,,,,,
09/01/2017,0.0032,0.0096,0.0027,0.076,0.0053,-0.0414,0.0382,0.028,-0.0287,-0.073,0.0002,0.0541,,,,,,,,,,,,,
16/01/2017,0.0056,0.0081,-0.0017,-0.0272,-0.0528,0,0.0294,0.0111,-0.0231,0.0374,0.0141,0.0106,,,,,,,,,,,,,
23/01/2017,0.0746,0.0162,0.0074,-0.0168,-0.0007,0.0252,0.0336,0,-0.011,0.031,0.0292,-0.0215,,,,,,,,,,,,,
30/01/2017,0.0234,0.0585,-0.0248,0.0568,0.0322,0.0316,-0.0064,0.0118,0.0213,0.0177,-0.0042,0.0112,,,,,,,,,,,,,
06/02/2017,-0.0066,0.0236,0.0525,0.0323,0.0577,-0.0136,0.0712,0.0139,0.0184,0.0372,0.0044,-0.0204,,,,,,,,,,,,,
13/02/2017,-0.0562,0.0317,-0.0153,0.0052,-0.0125,0.0759,0.0111,-0.0304,0.0393,-0.0035,0.0219,0.0095,,,,,,,,,,,,,
20/02/2017,-0.0538,0.0069,0.0205,-0.0155,0.0399,-0.0417,-0.0559,0.0054,0.019,0.0278,-0.0738,0.0206,,,,,,,,,,,,,
27/02/2017,-0.0286,0.0228,0.0341,-0.0474,0.0194,-0.0201,-0.0211,0.0056,0.0076,-0.0381,0.0345,0.0191,,,,,,,,,,,,,
06/03/2017,0.007,-0.0046,-0.0151,0.0055,-0.0124,0.0034,-0.0313,0.0011,-0.0119,-0.004,-0.0105,0.0105,,,,,,,,,,,,,
13/03/2017,0.0701,0.0061,0.0315,-0.022,0.0386,-0.0034,0.0731,0.0262,0.0062,-0.0063,0.0081,0.026,,,,,,,,,,,,,
20/03/2017,0.0132,0.0046,0.0161,0,0.0202,-0.0102,0.0063,0.0114,-0.0093,-0.1599,-0.0086,-0.002,,,,,,,,,,,,,
27/03/2017,0.0136,0.0215,-0.0137,0.0112,-0.0054,-0.0138,0.0575,0.0158,0.0062,0.0894,0.0064,0.0236,,,,,,,,,,,,,
03/04/2017,-0.0789,-0.0022,-0.0077,0.0111,-0.027,-0.007,0.0871,0.0132,-0.0032,-0.0395,-0.0061,0.0165,,,,,,,,,,,,,
10/04/2017,-0.0482,-0.016,0.0003,-0.0495,-0.0053,0,0.0048,0.0251,-0.0065,0.0332,-0.0101,-0.0031,,,,,,,,,,,,,
17/04/2017,0.0648,0.0086,-0.0031,0.0347,-0.0126,0.0106,0.0053,0.0155,-0.0071,0.0362,-0.0055,-0.0081,,,,,,,,,,,,,
24/04/2017,0.0258,0.0097,0.0384,-0.0056,0.0165,0.0174,0.0277,0.1161,0.0083,-0.0216,0.0308,0.1087,,,,,,,,,,,,,
01/05/2017,-0.0042,0.037,0.0342,0.0169,0.0069,0.0342,-0.0182,-0.0055,-0.013,0.0577,0.0367,0.0512,,,,,,,,,,,,,
08/05/2017,0.2314,0.0479,-0.0222,-0.0276,0.1162,0.0662,0.0534,-0.0238,-0.014,0.0013,0.0246,-0.0277,,,,,,,,,,,,,
15/05/2017,0.0634,-0.0154,0.0175,-0.0114,-0.0029,-0.0124,-0.043,0.0009,-0.0071,0.0079,-0.0087,-0.0104,,,,,,,,,,,,,
22/05/2017,0.044,0.0036,0.0247,0.0057,-0.0015,0.0252,0.046,0.0248,-0.0099,-0.0826,0.0067,-0.0074,,,,,,,,,,,,,
29/05/2017,0.0127,0.012,0.0145,-0.0057,0.0372,-0.0123,0.0452,0.0359,0.0124,0.0203,0.0148,0.0178,,,,,,,,,,,,,
05/06/2017,0.0415,-0.0416,-0.0031,0.0287,-0.0268,0.0435,0.0514,-0.0238,0.0071,-0.0291,0.0096,-0.0153,,,,,,,,,,,,,
12/06/2017,0.0135,-0.045,0.0032,-0.0168,0.0108,0.1012,0.0394,-0.0007,0.0061,-0.0486,-0.0048,0.0123,,,,,,,,,,,,,
19/06/2017,0.0146,0.0282,-0.0389,-0.0398,0.0153,0.0108,0.0324,-0.005,0.0364,0.0029,-0.0145,0.0041,,,,,,,,,,,,,
26/06/2017,-0.0603,-0.0155,-0.003,0.0355,-0.0279,-0.016,-0.057,-0.0541,-0.017,0.0465,0.0699,-0.0576,,,,,,,,,,,,,
03/07/2017,0.0152,0.0011,-0.0334,0.0057,-0.01,0.0217,-0.1338,0.0168,-0.0071,-0.0324,0.0121,-0.0087,,,,,,,,,,,,,
10/07/2017,0.1239,0.0337,-0.0025,-0.017,0.0036,0.0638,0.0465,-0.0014,0.0024,0.0053,0.0268,0.0155,,,,,,,,,,,,,
17/07/2017,0.0191,0.0083,-0.0105,-0.0116,0.0053,-0.01,0.0019,-0.0774,0.0015,-0.0114,-0.0073,-0.0023,,,,,,,,,,,,,
24/07/2017,-0.0221,-0.0051,0.0097,-0.0175,-0.111,-0.0404,0.0203,-0.0334,-0.0099,0.0346,0.0217,-0.0278,,,,,,,,,,,,,
31/07/2017,0.0172,0.0461,-0.0381,-0.0119,-0.0033,0.0368,0.0652,0.0008,0.0148,0.02,0.0237,0.0411,,,,,,,,,,,,,
07/08/2017,-0.0673,0.007,-0.0097,0.006,-0.0361,-0.0711,0.0027,-0.0119,-0.0019,-0.0078,-0.0363,-0.0336,,,,,,,,,,,,,
14/08/2017,0.0355,0.0041,-0.0081,-0.0359,0.0168,0.0164,-0.0291,-0.0338,-0.0174,-0.0248,-0.0092,0.0152,,,,,,,,,,,,,
21/08/2017,0.0143,0.015,0.0288,0.0062,0.0041,0.0108,0.0017,0.0072,0.022,-0.0858,0.0093,-0.0032,,,,,,,,,,,,,
28/08/2017,0.0415,0.0262,0.0258,-0.0062,0.0298,0.0479,0.0211,0.0044,0.0171,-0.0376,0.0153,0.0219,,,,,,,,,,,,,
04/09/2017,-0.0397,-0.033,-0.0006,-0.0124,0.0711,0.1117,-0.0338,0.0239,0.0041,0.0257,-0.0132,-0.0081,,,,,,,,,,,,,
11/09/2017,0.1003,0.0079,0.0217,0,0.0087,0.0822,0.106,0.0099,0.037,0.0808,0.0069,0.0457,,,,,,,,,,,,,
18/09/2017,-0.0062,-0.05,0.0602,0.0189,0.0437,0.0253,-0.0756,0.0677,0.017,-0.0138,0.0191,0.0017,,,,,,,,,,,,,
25/09/2017,-0.0013,0.0147,-0.0109,0,-0.0021,0.0741,-0.0285,0.0284,-0.0072,0.0325,0.0061,0.0132,,,,,,,,,,,,,
02/10/2017,0.0142,0.0077,-0.0548,-0.0309,0.0112,-0.069,0.0463,-0.0254,0.0098,-0.031,0.0018,-0.0131,,,,,,,,,,,,,
09/10/2017,0.0733,0.0109,0.0221,0.0127,0.0102,0.0494,-0.0037,0.0065,0.008,-0.0155,-0.0055,0.0495,,,,,,,,,,,,,
16/10/2017,0.0119,-0.0047,-0.0393,-0.0126,0.0003,0.0314,-0.0294,0.0121,0.0022,0.0213,0.0165,-0.0172,,,,,,,,,,,,,
23/10/2017,0.0252,0.0435,0.0007,-0.0191,-0.0326,-0.0228,-0.0702,0.0509,-0.0225,-0.0392,-0.0073,0.0686,,,,,,,,,,,,,
30/10/2017,0.0338,0.058,-0.006,-0.026,0.0296,0.0467,-0.0461,0.0123,-0.0014,-0.0641,-0.0169,0.0165,,,,,,,,,,,,,
06/11/2017,0.0357,0.0126,-0.049,0.02,-0.0455,-0.1078,-0.0101,-0.047,-0.0104,-0.0923,0.0077,-0.0374,,,,,,,,,,,,,
13/11/2017,-0.0221,-0.0224,-0.0365,0.0065,0.0167,0.025,0.0398,-0.0065,0.0146,-0.0073,-0.009,-0.0076,,,,,,,,,,,,,
20/11/2017,0.0265,0.0283,0.0215,-0.026,0.0114,0.0285,0.0016,-0.0024,0.0034,0.0681,0.0157,0.0122,,,,,,,,,,,,,
27/11/2017,-0.0882,-0.0224,0.0289,-0.0133,-0.0293,0.0158,-0.0286,-0.015,0.0242,0.0775,0.0106,-0.0252,,,,,,,,,,,,,
04/12/2017,-0.0313,-0.0098,-0.005,0.0135,-0.0033,0.0195,0.0281,0.0084,-0.0168,0.0432,-0.0038,0.0169,,,,,,,,,,,,,
11/12/2017,0.0004,0.0272,0.003,-0.0267,0.0119,-0.1107,0.0899,-0.0215,0.0409,-0.0448,0.0162,-0.0026,,,,,,,,,,,,,
18/12/2017,0.0194,0.006,0.0212,-0.1233,0.0145,-0.0601,-0.0531,0.0137,-0.0285,-0.0027,0.0297,0.0177,,,,,,,,,,,,,
25/12/2017,-0.0091,-0.033,0.0114,-0.0313,0.0324,-0.0274,-0.0426,-0.018,0.0022,-0.0186,-0.0004,-0.0164,,,,,,,,,,,,,
01/01/2018,0.1132,0.0341,0.0099,0.2581,0.0337,0.0131,0.0168,0.0238,0.0177,0.0407,0.0103,0.0167,,,,,,,,,,,,,
08/01/2018,0.0352,0.0119,0.0454,-0.0577,-0.0061,-0.025,0.062,-0.0164,-0.0087,-0.0493,0.051,-0.0295,,,,,,,,,,,,,
15/01/2018,0.032,0.0077,0.0115,-0.0136,-0.0059,-0.0456,0.041,0.0055,0.0109,0.0208,0.0097,-0.005,,,,,,,,,,,,,
22/01/2018,0.0575,-0.0389,0.003,0.069,0.0336,-0.0234,-0.0205,-0.0579,0.056,-0.059,0.0011,0.0454,,,,,,,,,,,,,
29/01/2018,-0.0403,-0.0642,0.0129,-0.1355,-0.0199,-0.0199,0.0026,-0.0092,-0.0615,-0.0487,-0.0384,-0.0159,,,,,,,,,,,,,
05/02/2018,-0.0062,-0.0255,-0.0718,-0.0299,-0.0638,-0.0614,-0.097,-0.0321,-0.0583,-0.0037,-0.0357,-0.0524,,,,,,,,,,,,,
12/02/2018,0.0507,0.1069,0.0809,0.0538,0.0095,0.0604,0.0808,0.0268,0.0615,0.0142,0.0475,0.0579,,,,,,,,,,,,,
19/02/2018,0.0086,0.0178,-0.0548,0.0511,0.0308,0.0528,0.0494,0.0141,0,-0.0262,-0.0483,-0.007,,,,,,,,,,,,,
26/02/2018,-0.0376,0.004,0.0081,-0.0139,-0.025,0.0546,-0.0481,-0.0424,-0.0085,-0.0025,-0.0143,-0.0324,,,,,,,,,,,,,
05/03/2018,0.0372,0.0214,0.0439,-0.0282,0.019,-0.0188,-0.0237,0.0624,0.0228,0.0192,0.0014,0.0302,,,,,,,,,,,,,
12/03/2018,0.021,-0.0109,-0.0261,-0.0072,0.0237,0.0029,-0.0178,0.008,0.0003,-0.0271,0.0008,0.0063,,,,,,,,,,,,,
19/03/2018,-0.0699,-0.0735,-0.0252,0.0146,-0.0121,-0.0536,-0.0616,-0.048,-0.0623,-0.1245,-0.0462,-0.0186,,,,,,,,,,,,,
26/03/2018,-0.0059,0.0172,0.0378,-0.0288,0.0234,0.001,-0.1174,0.0183,0.029,-0.0652,0.0078,0.0301,,,,,,,,,,,,,
02/04/2018,-0.0749,0.0036,0.0319,0.0074,0.0129,-0.0076,0.1246,-0.0056,-0.009,0.0642,-0.0105,0.0496,,,,,,,,,,,,,
09/04/2018,0.0805,0.0377,0.0017,-0.0294,0.0254,0.0636,0.0035,0.0165,0.0327,0.0134,0.0416,0.0733,,,,,,,,,,,,,
16/04/2018,-0.0121,-0.0516,-0.0026,0.0455,-0.027,0.0239,-0.0336,0.0443,0.0085,-0.0536,0.01,-0.0092,,,,,,,,,,,,,
23/04/2018,-0.0104,-0.0205,0.0252,0.0072,0.0071,-0.0019,0.0132,-0.0618,0.0101,0.0761,0.0123,0.0308,,,,,,,,,,,,,
30/04/2018,0.0562,0.1325,-0.0186,0.0072,-0.0003,0.0225,0,-0.0567,-0.0584,-0.062,-0.0249,0.026,,,,,,,,,,,,,
07/05/2018,0.0647,0.0259,0.0337,0.1071,0.023,-0.0055,0.0237,0.002,0.0189,-0.0223,0.0245,0.0062,,,,,,,,,,,,,
14/05/2018,-0.0337,-0.0083,0.0143,0.0323,-0.0019,0.0037,-0.0805,-0.0049,0.0137,-0.0197,-0.008,0.0525,,,,,,,,,,,,,
21/05/2018,0.0136,0.0122,-0.0172,-0.1,0.0195,-0.0202,0.0073,0.0542,0.0011,0.0169,-0.0029,-0.0102,,,,,,,,,,,,,
28/05/2018,0.0341,0.0088,0.0147,0.0417,-0.0062,-0.1105,0.0465,0.0137,0.016,0.0829,-0.0075,-0.0129,,,,,,,,,,,,,
04/06/2018,0.0181,0.0077,0,0,-0.0106,-0.0474,0.0885,0.0194,0.0116,0.059,0.0125,-0.0051,,,,,,,,,,,,,
11/06/2018,0.0114,-0.0149,-0.0243,0,-0.0003,0.0127,0.1275,-0.005,-0.0085,-0.0392,-0.0176,0.0037,,,,,,,,,,,,,
18/06/2018,-0.0539,-0.0208,-0.025,-0.0067,-0.0371,0.0169,-0.0685,-0.0332,0.0041,0.1416,-0.0115,-0.0466,,,,,,,,,,,,,
25/06/2018,-0.056,0.001,0.0304,-0.0336,0.0014,-0.0778,0.0279,0.0231,-0.0063,-0.0612,-0.0169,-0.0077,,,,,,,,,,,,,
02/07/2018,0.044,0.0155,0,-0.0139,0.002,-0.0209,-0.0993,-0.0524,0.0229,0.0398,0,0.0084,,,,,,,,,,,,,
09/07/2018,0.008,0.0179,0.0442,-0.0493,0.0563,0.0024,0.0323,0.0599,0.0113,0.0086,0.0064,0.029,,,,,,,,,,,,,
16/07/2018,0.0063,0.0006,-0.0053,-0.0148,0.0003,0.0071,-0.0166,0.0881,-0.0053,-0.0131,-0.0013,0.001,,,,,,,,,,,,,
23/07/2018,0.0045,-0.0024,-0.0356,-0.0301,0.0285,0.0371,-0.0523,-0.0034,0.0289,-0.0166,0.0175,0.0165,,,,,,,,,,,,,
30/07/2018,0.0003,0.0891,-0.0476,-0.0155,0.0112,-0.0528,0.1716,0.0089,0.0555,0.0013,-0.0212,-0.0194,,,,,,,,,,,,,
06/08/2018,0.0107,-0.0022,-0.017,-0.0079,0.0186,0.0156,0.021,-0.0247,0.0182,0.0316,-0.017,0.0008,,,,,,,,,,,,,
13/08/2018,-0.0391,0.0521,-0.0037,-0.0714,-0.0208,0.0029,-0.1406,0.0105,0.0283,0.0007,-0.0317,0.0046,,,,,,,,,,,,,
20/08/2018,0.1119,-0.0065,-0.0108,0,0.0047,0.0194,0.0567,0.0199,0.0074,0.0796,0.0022,0.0083,,,,,,,,,,,,,
27/08/2018,0.0311,0.0531,-0.0034,0.1453,0.001,0.1679,-0.0655,0.0295,-0.0208,-0.1982,-0.0115,0.0094,,,,,,,,,,,,,
03/09/2018,-0.0309,-0.0278,0.0194,0.1567,-0.0303,0.1077,-0.1274,-0.0338,0.0164,0.2155,-0.027,-0.0596,,,,,,,,,,,,,
10/09/2018,0.0168,0.0115,0.0225,-0.0516,0.0073,-0.0169,0.1214,0.0164,0.018,0.0409,0.017,0.0289,,,,,,,,,,,,,
17/09/2018,-0.047,-0.0276,0.0015,0.0544,0.0061,-0.0036,0.0132,0.0152,0.0256,-0.0161,0.0315,0.0462,,,,,,,,,,,,,
24/09/2018,0.0667,0.0371,-0.0114,0.0387,0.0502,-0.0219,-0.1148,0.0602,0.0002,-0.0543,-0.0207,-0.0041,,,,,,,,,,,,,
01/10/2018,-0.0397,-0.0064,-0.0182,-0.0373,-0.0129,-0.0428,-0.0107,-0.0009,0.0191,-0.0386,-0.0039,-0.0604,,,,,,,,,,,,,
08/10/2018,-0.0864,-0.0097,-0.0291,0.071,-0.0489,-0.0233,-0.0121,-0.0484,-0.0252,0.0082,-0.042,-0.0828,,,,,,,,,,,,,
15/10/2018,-0.0705,-0.0126,-0.0924,0.2169,0.0555,-0.0374,0.0047,0.012,0.0164,-0.0047,-0.0249,0.0029,,,,,,,,,,,,,
22/10/2018,-0.1347,-0.0137,-0.0247,-0.0693,-0.0334,0.0103,0.2727,-0.2139,-0.0427,-0.0692,-0.0445,-0.003,,,,,,,,,,,,,
29/10/2018,0.0839,-0.0408,0.0168,0.133,-0.0013,0.0722,0.0469,0.0804,0.0077,0.1386,0.0854,0.0632,,,,,,,,,,,,,
05/11/2018,-0.043,-0.0145,-0.0115,-0.0423,0.0824,0.0267,0.0118,0.003,0.0314,-0.0621,-0.0174,-0.0468,,,,,,,,,,,,,
12/11/2018,-0.2005,-0.0502,-0.0127,0.0196,-0.0073,0.014,0.0108,-0.0349,-0.0098,-0.1264,0.0245,-0.0066,,,,,,,,,,,,,
19/11/2018,-0.1182,-0.1098,-0.0431,0.0337,-0.0116,0.0294,-0.0804,0.0441,-0.0085,0.0555,-0.0118,-0.0219,,,,,,,,,,,,,
26/11/2018,0.1271,0.0365,-0.032,-0.0233,-0.0095,-0.0045,0.0757,0.0668,0.0716,0.0119,0.0192,-0.0228,,,,,,,,,,,,,
03/12/2018,-0.0959,-0.0565,-0.0904,0.0143,-0.0412,-0.0734,0.0214,-0.0645,-0.05,0.0015,-0.0397,-0.0121,,,,,,,,,,,,,
10/12/2018,-0.0079,-0.0179,-0.0035,0.0704,0.0254,0.0415,0.0216,-0.0191,-0.0027,-0.0673,0.0012,0.0175,,,,,,,,,,,,,
17/12/2018,-0.1153,-0.0891,-0.0009,-0.0219,-0.0419,-0.0325,-0.1256,-0.0614,-0.0427,-0.0359,-0.0083,0.006,,,,,,,,,,,,,
24/12/2018,0.0315,0.0365,0.0251,-0.1031,0.0069,-0.0029,0.0441,-0.0185,0.0246,0.0268,0.0126,-0.0028,,,,,,,,,,,,,
31/12/2018,0.019,-0.051,0.0429,0.095,0.0373,0.0385,-0.0485,0.025,0.0009,0.241,0.0131,-0.0063,,,,,,,,,,,,,
07/01/2019,0.0928,0.0272,0.0625,-0.0137,-0.0569,0.0417,0.0931,0.0067,-0.0028,0.04,-0.0046,0.0285,,,,,,,,,,,,,
14/01/2019,0.0544,0.0297,0.036,-0.0324,-0.0108,0.056,-0.1296,-0.0186,-0.0082,0.005,0.0121,-0.019,,,,,,,,,,,,,
21/01/2019,0.0205,0.006,0.0254,0.0335,-0.0219,0.016,-0.0173,-0.0119,-0.0444,-0.0019,-0.0014,0.0304,,,,,,,,,,,,,
28/01/2019,-0.0963,0.0555,0.0004,-0.0278,0.0252,0.0099,0.0511,0.0214,0.0551,-0.2931,-0.0036,0.0902,,,,,,,,,,,,,
04/02/2019,0.0238,0.0234,-0.0004,0.0714,0.0098,0.0008,-0.0205,-0.0219,-0.0066,0.0098,0.001,-0.0039,,,,,,,,,,,,,
11/02/2019,0.0619,0.0043,0.004,-0.0578,0.1056,-0.0221,0.0068,0.1105,0.004,0.007,0.0251,0.0376,,,,,,,,,,,,,
18/02/2019,0.0118,0.015,-0.0969,0.0142,0.0005,-0.0059,-0.0428,-0.0354,0.0132,-0.0052,-0.0488,0.0189,,,,,,,,,,,,,
25/02/2019,-0.0172,0.0116,0.0044,0.2186,0.02,-0.0236,0.0003,-0.0379,0.0093,0.0334,0.023,0.0229,,,,,,,,,,,,,
04/03/2019,-0.0361,-0.0118,-0.0164,0.042,0.0232,-0.0717,-0.0361,-0.0416,-0.057,-0.0664,0.0064,-0.0026,,,,,,,,,,,,,
11/03/2019,0.1273,0.0764,0.0378,-0.044,0.0177,-0.0512,-0.0307,0.0026,0.0218,0.0082,0.0132,0.0419,,,,,,,,,,,,,
18/03/2019,0.0453,0.0265,-0.0137,0.0038,0.0019,-0.0691,-0.0396,-0.0184,0.0017,-0.0231,-0.0239,-0.0162,,,,,,,,,,,,,
25/03/2019,0.0116,-0.0058,0.0155,0,-0.0507,-0.0153,0.058,-0.004,0.0148,-0.0278,0.004,0.0461,,,,,,,,,,,,,
01/04/2019,0.0634,0.0371,0.0399,0.0725,0.0067,0.0529,-0.0175,0.043,0.0122,-0.0295,0.0468,0.0249,,,,,,,,,,,,,
08/04/2019,-0.0049,0.0095,0.0087,-0.4093,-0.029,-0.03,-0.0264,-0.0174,-0.0298,-0.0548,0.0132,0.0204,,,,,,,,,,,,,
15/04/2019,-0.0195,0.0251,-0.0112,-0.0843,-0.0182,0.0246,0.0208,0.0437,-0.0559,-0.059,0.0049,0.0274,,,,,,,,,,,,,
22/04/2019,-0.0441,0.0022,-0.0287,-0.1513,-0.0209,-0.0598,-0.1395,0.0653,0.015,0.0137,-0.0042,-0.0166,,,,,,,,,,,,,
29/04/2019,0.0276,0.0365,-0.0175,-0.0388,0.0111,-0.0109,0.0846,-0.0915,0.0355,0.009,0.0378,0.0366,,,,,,,,,,,,,
06/05/2019,-0.0775,-0.0688,-0.0352,-0.1048,-0.0198,-0.0522,-0.0608,-0.0448,-0.0162,-0.0546,-0.0412,-0.0606,,,,,,,,,,,,,
13/05/2019,-0.0728,-0.0378,-0.0295,0,0.0035,-0.0336,-0.1189,-0.0158,0.0275,0.0153,-0.0292,0.0219,,,,,,,,,,,,,
20/05/2019,-0.0727,-0.0531,-0.03,-0.0901,0.0328,-0.1224,-0.0967,-0.0221,0.0116,-0.0918,0.0214,-0.0128,,,,,,,,,,,,,
27/05/2019,-0.0668,-0.0218,-0.0065,0.0495,-0.042,-0.0916,-0.0287,-0.0336,-0.0103,-0.0307,-0.0293,0.0062,,,,,,,,,,,,,
03/06/2019,0.0753,0.0861,0.0622,0.0283,0.0439,0.0105,0.1045,0.0752,0.0337,-0.3377,0.0169,0.0545,,,,,,,,,,,,,
10/06/2019,-0.0059,0.0136,0.0054,-0.0092,0.0167,-0.0268,0.051,0.009,-0.0037,0.1215,-0.0169,-0.0085,,,,,,,,,,,,,
17/06/2019,0.0492,0.0313,0.0115,0.037,0.0426,-0.0543,0.0323,0.0304,0.0213,-0.0373,0.0083,0.0404,,,,,,,,,,,,,
24/06/2019,0.0822,-0.0043,0.0166,-0.0179,-0.0019,0.0016,0.0072,0.0013,-0.008,0.0092,0.0156,0.0163,,,,,,,,,,,,,
01/07/2019,-0.0244,0.0319,-0.0064,-0.0091,-0.0082,0.0961,0.0431,-0.0023,0.0139,0.0091,0.0081,0.0174,,,,,,,,,,,,,
08/07/2019,0.0461,-0.0046,0.0189,0.0092,-0.0178,-0.0029,0.0514,0.0299,-0.0346,-0.1105,-0.0107,0.0084,,,,,,,,,,,,,
15/07/2019,0.005,-0.0035,0.0292,-0.0091,-0.0022,-0.017,0.0535,-0.0023,0.0087,-0.1202,-0.007,-0.0044,,,,,,,,,,,,,
22/07/2019,0.0394,0.0254,0.0176,0,0.0845,0.0226,-0.1167,0.0039,0.0075,-0.0718,-0.007,0.0086,,,,,,,,,,,,,
29/07/2019,-0.0793,-0.0179,-0.0075,0.0092,0.0177,-0.0154,0.0276,-0.0579,-0.1181,-0.0574,-0.0412,-0.0705,,,,,,,,,,,,,
05/08/2019,-0.0435,-0.0149,0.0296,-0.0182,0.0111,0.0142,0.0029,0.0061,-0.0345,-0.0503,-0.0401,0.0166,,,,,,,,,,,,,
12/08/2019,0.0349,0.0313,-0.0077,-0.0185,0.0006,-0.07,-0.0641,-0.0899,-0.0468,-0.0752,-0.0439,-0.0436,,,,,,,,,,,,,
19/08/2019,0.018,-0.0187,-0.0048,0.0189,0.0054,-0.0364,-0.0388,-0.0123,-0.0089,0.0994,0.0003,0.0202,,,,,,,,,,,,,
26/08/2019,0.0312,0.0301,-0.0048,0.0185,0.0101,0.1052,0.0672,0.0362,0.0352,0.0877,0.0076,0.0194,,,,,,,,,,,,,
02/09/2019,0.0676,0.0217,0.0622,0.0818,-0.0064,-0.0513,0.0082,0.0393,0.0267,0.0856,0.0279,0.0483,,,,,,,,,,,,,
09/09/2019,0.0184,0.0257,0.0092,0,-0.044,0.0752,0.078,0.0536,0.0112,0.0232,0.0607,0.0055,,,,,,,,,,,,,
16/09/2019,-0.0508,-0.0047,0,0.0084,0.0563,-0.0233,-0.0187,-0.0239,-0.006,0.0658,-0.025,-0.0313,,,,,,,,,,,,,
23/09/2019,-0.0054,0.005,-0.0164,0.025,0.0022,-0.0582,0.0063,-0.0491,-0.0128,0.1362,-0.0005,-0.0268,,,,,,,,,,,,,
30/09/2019,0.0594,0.0374,-0.0359,-0.0163,-0.0435,-0.0071,-0.0442,-0.0577,-0.008,0.0393,-0.0244,-0.0293,,,,,,,,,,,,,
07/10/2019,0.0221,0.0405,0.0365,0,0.0062,0.1365,0.0711,0.0646,0.005,-0.0324,0.0266,0.0818,,,,,,,,,,,,,
14/10/2019,0.0242,0.0008,0.0121,0.0579,0.0067,-0.0386,0.0365,-0.0329,0.0097,0.1061,0.0278,-0.0083,,,,,,,,,,,,,
21/10/2019,0.0738,0.043,0.0411,-0.0313,0.0866,-0.0066,0.277,0.1163,0.0085,0.069,0.0204,0.0237,,,,,,,,,,,,,
28/10/2019,-0.0095,0.0375,0.046,0.0161,0.0151,0.0868,-0.0452,-0.0149,0.0441,-0.0803,-0.0367,0.0138,,,,,,,,,,,,,
04/11/2019,0.0256,0.0169,-0.0164,0,-0.0234,0.1989,0.0761,0.0608,-0.0349,0.0428,0.0045,0.0353,,,,,,,,,,,,,
11/11/2019,-0.0173,0.0247,-0.008,0.0159,0.0038,0.0497,0.0446,0.0225,0.0159,-0.0345,-0.0322,0.0062,,,,,,,,,,,,,
18/11/2019,0.0328,-0.015,0.0013,0.0234,0.0112,-0.0301,-0.0543,0.0043,0.0282,-0.0374,0.0049,-0.0228,,,,,,,,,,,,,
25/11/2019,0.0277,0.0209,-0.0007,0.0687,0.0106,0.1098,-0.0093,-0.0247,0.005,0.1201,0.0019,0.0279,,,,,,,,,,,,,
02/12/2019,-0.0204,0.0129,-0.0091,0.1429,-0.0165,-0.1943,0.018,-0.0019,-0.006,0.0536,-0.0105,-0.0146,,,,,,,,,,,,,
09/12/2019,0.0557,0.0164,0.0522,-0.0375,0.0143,-0.0589,0.067,-0.0003,0.001,-0.1841,0.0423,0.0117,,,,,,,,,,,,,
16/12/2019,0.0687,0.0156,-0.0367,0.0844,0.0434,0.0171,0.1317,0.0111,0.0235,0.0991,0.012,0.0166,,,,,,,,,,,,,
23/12/2019,-0.0104,0.0371,0.0164,0.1018,-0.0004,-0.0123,0.0611,-0.0016,0.0023,-0.015,0.0028,0.0173,,,,,,,,,,,,,
30/12/2019,-0.0034,0.0263,0.0049,0.0054,-0.0069,-0.0066,0.0293,-0.0003,-0.0099,-0.0034,-0.0062,0.0036,,,,,,,,,,,,,
06/01/2020,0.0349,0.0434,0.0183,-0.0486,-0.0048,0.0145,0.0793,0.0587,0.0144,-0.0765,-0.016,0.0109,,,,,,,,,,,,,
13/01/2020,0.0203,0.0271,0.0495,-0.0455,0.0297,0.0293,0.0677,0.0178,0.0258,-0.1252,0.0165,0.0364,,,,,,,,,,,,,
20/01/2020,0.0048,-0.0013,0.0297,0.1429,-0.0399,-0.0847,0.1064,-0.0451,-0.017,-0.0905,-0.0322,-0.0518,,,,,,,,,,,,,
27/01/2020,-0.0561,-0.0276,-0.0107,-0.0937,-0.0118,-0.0442,0.1518,-0.0445,-0.0648,-0.1111,-0.0328,-0.0504,,,,,,,,,,,,,
03/02/2020,0.0641,0.034,0.0114,-0.0172,0.0144,0.0058,0.1499,0.0192,0.0322,-0.0078,0.0278,0.0472,,,,,,,,,,,,,
10/02/2020,0.1518,0.0178,-0.0033,-0.0468,-0.0314,0.0151,0.0695,-0.0285,-0.0405,0.0551,0.0172,0.0024,,,,,,,,,,,,,
17/02/2020,0.0148,-0.0366,0.0307,0.0982,0.0485,-0.0318,0.1262,-0.0655,-0.0216,0.005,-0.039,-0.0252,,,,,,,,,,,,,
24/02/2020,-0.0816,-0.1268,-0.0952,-0.0782,-0.127,-0.2683,-0.2586,-0.099,-0.0644,-0.1089,-0.0793,-0.0832,,,,,,,,,,,,,
02/03/2020,-0.0143,0.0573,-0.0064,0.0303,0.107,-0.0634,0.0531,-0.0264,0.0479,0.0889,-0.0099,-0.0283,,,,,,,,,,,,,
09/03/2020,-0.0947,-0.0383,-0.1365,-0.0647,-0.1103,-0.0619,-0.223,-0.142,-0.066,0.1709,-0.0732,-0.1261,,,,,,,,,,,,,
16/03/2020,-0.1457,-0.1753,-0.2303,-0.0189,-0.0676,-0.0017,-0.2179,-0.1724,-0.1131,-0.1808,-0.0365,-0.0124,,,,,,,,,,,,,
23/03/2020,0.2283,0.0807,0.2034,0.0962,0.0774,-0.0421,0.2031,-0.0324,0.0651,0.1223,0.0021,0.0986,,,,,,,,,,,,,
30/03/2020,-0.0349,-0.0256,-0.0161,0.0409,0.0351,0.044,-0.0668,0.0335,0.0887,-0.3365,-0.1573,-0.0486,,,,,,,,,,,,,
06/04/2020,0.0781,0.1101,0.0973,0.1348,0.0159,-0.0239,0.1937,0.2078,0.052,0.3893,0.0999,0.0688,,,,,,,,,,,,,
13/04/2020,0.1117,0.0553,0.0388,0.0347,0.1202,-0.0152,0.3157,-0.0436,0.043,0.2545,-0.0299,0.0305,,,,,,,,,,,,,
20/04/2020,-0.0093,0.0006,-0.1041,0.0144,0.023,0.0077,-0.0381,-0.0101,0.0127,-0.0225,-0.0378,-0.0479,,,,,,,,,,,,,
27/04/2020,-0.0235,0.0216,0.0028,0.1792,0.0133,0.067,-0.0329,0.0974,0.007,0.2683,0.012,0.034,,,,,,,,,,,,,
04/05/2020,0.1051,0.0729,0.024,0.092,0.0276,-0.038,0.1684,-0.0662,-0.0112,-0.1769,0.0138,-0.0006,,,,,,,,,,,,,
11/05/2020,0.0868,-0.0051,-0.0601,-0.0256,0.0023,-0.0155,-0.0247,-0.0525,0.0246,-0.1526,-0.0507,-0.0625,,,,,,,,,,,,,
18/05/2020,0.0631,0.0363,-0.0012,0.1692,0.0339,0.0064,0.0222,0.0654,-0.0069,-0.0095,-0.0559,0.0759,,,,,,,,,,,,,
25/05/2020,-0.0167,-0.003,0.0212,-0.1736,-0.0112,0.0694,0.0222,0.0646,0.0184,-0.0287,0.0035,0.0554,,,,,,,,,,,,,
01/06/2020,0.005,0.0426,0.0618,-0.3541,-0.0137,0.1784,0.0607,0.15,-0.0576,0.0197,0.1518,0.078,,,,,,,,,,,,,
08/06/2020,0.0019,0.022,-0.0295,-0.0783,-0.0442,-0.194,0.056,-0.1526,-0.0622,0.1401,-0.0968,-0.0621,,,,,,,,,,,,,
15/06/2020,0.0368,0.0322,-0.0075,-0.0065,0.0301,0.0182,0.0702,0.0578,-0.0098,0.0339,0.0033,0.0024,,,,,,,,,,,,,
22/06/2020,-0.0115,0.0112,-0.043,0.2368,-0.006,-0.0106,-0.0411,-0.0094,-0.0413,-0.1086,-0.0291,0.0201,,,,,,,,,,,,,
29/06/2020,0.0499,0.0296,0.0008,-0.2606,0.0209,-0.1073,0.2594,0.0116,0.0771,-0.0138,0.0385,0.0232,,,,,,,,,,,,,
06/07/2020,0.0902,0.0537,0.0004,-0.0072,-0.0007,0,0.278,0.0119,-0.0197,0.0117,-0.0157,0.0101,,,,,,,,,,,,,
13/07/2020,-0.0265,0.0042,0.0203,-0.0217,0.1365,0.0297,-0.0284,0.1439,0.0715,-0.0876,-0.0113,0.0305,,,,,,,,,,,,,
20/07/2020,-0.0007,-0.0385,-0.0049,-0.0741,-0.0867,-0.0412,-0.0559,0.0486,0.0389,0.0177,-0.0157,-0.0272,,,,,,,,,,,,,
27/07/2020,0.0412,0.1473,0.0523,-0.04,-0.0004,0.0128,0.0097,-0.0137,0.0218,-0.005,-0.0254,-0.0811,,,,,,,,,,,,,
03/08/2020,0.0551,0.0457,0.0338,0.1167,-0.0066,-0.0342,0.0153,0.0068,0.009,0.0374,-0.0578,0.0198,,,,,,,,,,,,,
10/08/2020,0.0325,0.036,0.0853,-0.0224,-0.004,-0.0223,0.1363,-0.0113,-0.0101,0.1418,0.044,0.0322,,,,,,,,,,,,,
17/08/2020,0.0968,0.0823,0.0011,-0.0992,0.0175,-0.1816,0.2419,-0.034,0.0215,0.0589,-0.0287,-0.0016,,,,,,,,,,,,,
24/08/2020,0.0366,0.0035,-0.006,-0.0508,-0.0004,0.0885,0.0797,-0.0063,-0.0249,0.0716,0.0185,0.0283,,,,,,,,,,,,,
31/08/2020,-0.0399,-0.0308,-0.0236,-0.1696,-0.0379,-0.0045,-0.055,-0.0101,-0.0409,0.4193,-0.0304,0.0164,,,,,,,,,,,,,
07/09/2020,-0.036,-0.0741,-0.0395,0.043,0.0028,-0.0242,-0.109,0.0188,-0.008,-0.2039,-0.0328,0.0341,,,,,,,,,,,,,
14/09/2020,0.002,-0.0461,0.048,-0.0103,0.0506,-0.0163,0.1863,0.0192,0.0155,0.555,-0.0455,-0.0066,,,,,,,,,,,,,
21/09/2020,0.0562,0.0509,-0.0742,-0.0312,-0.0167,0.0244,-0.0787,-0.0637,-0.0158,0.0581,-0.0821,-0.033,,,,,,,,,,,,,
28/09/2020,0.0146,0.0066,0.0192,0.0215,-0.0232,0.7612,0.019,0.0074,0.0092,-0.0629,0.0972,0.0186,,,,,,,,,,,,,
05/10/2020,0.0536,0.0349,0.0085,0,0.0092,-0.0523,0.0456,0.0495,0.0113,0.2801,0.0131,0.0104,,,,,,,,,,,,,
12/10/2020,0.0035,0.0175,-0.0428,-0.0316,-0.0309,-0.2076,0.0131,-0.0205,0.0315,0.1073,-0.0209,0.0503,,,,,,,,,,,,,
19/10/2020,-0.016,-0.0334,-0.0319,0.0978,-0.0194,-0.0756,-0.0433,-0.1778,0.0061,0.127,0.0594,-0.0106,,,,,,,,,,,,,
26/10/2020,-0.0777,-0.0537,-0.1217,-0.1089,-0.0354,-0.2718,-0.0775,-0.0709,-0.0707,-0.302,0.0048,-0.06,,,,,,,,,,,,,
02/11/2020,0.1618,0.0903,0.1006,0.1889,0.1069,-0.5124,0.108,0.0553,0.0259,0.1328,0.062,0.0825,,,,,,,,,,,,,
09/11/2020,-0.0869,0.0065,0.0975,-0.0935,0.0335,0.5903,-0.0499,0.0672,0.0719,-0.0717,0.101,0.0786,,,,,,,,,,,,,
16/11/2020,-0.0157,-0.0161,0.1142,0.0309,-0.0362,0.2305,0.1986,0.0213,0.0016,0.1544,0.0302,0.0485,,,,,,,,,,,,,
23/11/2020,0.0133,-0.0064,-0.0256,0.06,-0.0486,0.1819,0.1964,0.0021,0.0144,0.2651,0.0641,0.007,,,,,,,,,,,,,
30/11/2020,0.0224,0.0485,0.046,0.0377,0.0215,-0.1285,0.0227,0.0242,0.0835,0.051,0.055,-0.0076,,,,,,,,,,,,,
07/12/2020,-0.0399,0.0013,-0.0562,-0.0727,0.0099,0.0071,0.0183,-0.0232,0.0193,-0.2124,-0.0642,0.0208,,,,,,,,,,,,,
14/12/2020,0.0199,0.0347,0.0037,0.0392,-0.0748,0.0045,0.1394,0.0246,-0.0837,0.1743,-0.0132,-0.0017,,,,,,,,,,,,,
21/12/2020,-0.021,0.0419,0.0155,-0.0283,-0.0337,0.0372,-0.0478,0.0124,-0.0109,0.2892,-0.0057,-0.0062,,,,,,,,,,,,,
28/12/2020,0.0047,0.0055,-0.0145,-0.0194,0.0303,0.1293,0.0663,-0.0209,-0.0123,-0.065,-0.0054,0.0291,,,,,,,,,,,,,
04/01/2021,0.017,-0.0048,0.0114,0.0891,0.0174,-0.0329,0.2471,0.023,0.0087,-0.061,0.0756,0.0282,,,,,,,,,,,,,
11/01/2021,-0.0314,-0.0372,-0.0124,0,0.0094,-0.0283,-0.0612,-0.038,-0.0116,1.0068,-0.0187,-0.0597,,,,,,,,,,,,,
18/01/2021,0.0663,0.0938,-0.0232,0.0909,0.0372,-0.0321,0.0248,-0.0072,-0.0041,0.8313,0.0172,0.0355,,,,,,,,,,,,,
25/01/2021,-0.0527,-0.0511,-0.0325,-0.1,-0.0498,0.0163,-0.0627,0.0026,-0.0178,3.9992,-0.06,-0.0258,,,,,,,,,,,,,
01/02/2021,0.0463,0.0364,0.0238,0.1481,-0.0172,-0.003,0.074,0.0303,-0.0167,-0.8038,0.0226,0.061,,,,,,,,,,,,,
08/02/2021,0.1008,-0.0087,0.024,0.0887,0.0394,0.0155,-0.0424,-0.0596,-0.0057,-0.1783,0.0396,0.0011,,,,,,,,,,,,,
15/02/2021,-0.0023,-0.0406,-0.0294,-0.0148,-0.0213,0.0427,-0.0427,-0.0123,-0.0081,-0.2254,0.0633,0.0236,,,,,,,,,,,,,
22/02/2021,-0.0812,-0.0663,0.0468,-0.1729,-0.0437,0.0185,-0.1354,-0.0049,-0.0276,1.5065,0.0051,-0.031,,,,,,,,,,,,,
01/03/2021,-0.0914,0.0013,0.0026,-0.0909,0.0126,0.0601,-0.1148,0.0054,0.0269,0.3538,0.0313,-0.0034,,,,,,,,,,,,,
08/03/2021,0.0317,-0.0032,0.0351,0.08,0.0075,0.0192,0.1602,0.065,0.016,0.9203,-0.0294,0.0768,,,,,,,,,,,,,
15/03/2021,-0.0005,-0.0086,-0.0339,0.037,0.0163,0.0153,-0.056,-0.0109,0.0169,-0.2428,0.0316,-0.0106,,,,,,,,,,,,,
22/03/2021,-0.0005,0.0102,0.0051,-0.0179,0.0291,-0.0754,-0.0552,0.0042,0.0203,-0.0962,-0.0261,-0.0045,,,,,,,,,,,,,
29/03/2021,0.0757,0.0148,0.0407,0.0545,-0.0219,0.1223,0.0696,0.0126,0.0014,0.0577,0.0034,0.0303,,,,,,,,,,,,,
05/04/2021,0.0426,0.0813,-0.0021,-0.1121,0.0083,-0.0174,0.0231,0.0033,0.0083,-0.1728,0.0219,0.029,,,,,,,,,,,,,
12/04/2021,0.105,0.0087,0.0158,-0.0485,0.016,-0.0049,0.0927,0.0025,0.0538,-0.0232,-0.0104,0.0709,,,,,,,,,,,,,
19/04/2021,-0.0407,0.0012,-0.0438,0.051,0.03,-0.0054,-0.014,0.044,0.0023,-0.0227,-0.0189,-0.003,,,,,,,,,,,,,
26/04/2021,-0.0168,-0.0213,0.0423,-0.0291,0.0155,-0.0264,-0.0274,0.0133,-0.0003,0.1482,0.0754,0.0034,,,,,,,,,,,,,
03/05/2021,-0.0131,-0.0095,0.0188,-0.03,0.0139,0.0419,-0.0523,0.0371,0.0241,-0.0719,0.0122,0.0083,,,,,,,,,,,,,
10/05/2021,-0.0384,-0.0195,0.0394,-0.0515,0.026,-0.0191,-0.1229,-0.0123,0.0211,-0.0074,0.0041,-0.0052,,,,,,,,,,,,,
17/05/2021,0.0526,-0.0158,-0.006,0.1196,0.0397,0.0305,-0.015,-0.0412,-0.0017,0.1055,-0.0095,0.0056,,,,,,,,,,,,,
24/05/2021,0.0836,-0.0065,0.0091,-0.0388,-0.011,-0.0697,0.0763,-0.0077,-0.0305,0.2557,0.0302,0.0383,,,,,,,,,,,,,
31/05/2021,0.0821,0.0103,0.012,-0.0202,0.0005,0.0086,-0.0419,0.0057,0.0108,0.1187,-0.0272,-0.007,,,,,,,,,,,,,
07/06/2021,0.0141,0.0116,0.0119,0.0206,0.0347,0.1273,0.0181,-0.0122,0.0255,-0.0605,-0.0206,0.026,,,,,,,,,,,,,
14/06/2021,0.0459,0.0244,-0.0202,-0.0101,-0.0068,-0.0179,0.022,-0.0366,-0.0334,-0.0837,-0.0418,0.0195,,,,,,,,,,,,,
21/06/2021,0.021,0.0203,0.0013,-0.0102,0.0168,-0.0196,0.0779,-0.0431,0.0044,-0.0202,0.0074,-0.011,,,,,,,,,,,,,
28/06/2021,0.0765,0.0515,-0.0203,-0.0309,0.0243,-0.0267,0.0105,0.0237,0.0192,-0.0319,-0.0316,-0.0151,,,,,,,,,,,,,
05/07/2021,-0.0213,0.0368,0.0251,-0.0106,-0.0191,0.051,-0.0323,0.0126,-0.003,-0.0572,-0.0042,-0.0015,,,,,,,,,,,,,
12/07/2021,-0.0942,0.0088,-0.0096,-0.0108,-0.0476,-0.0443,-0.0194,-0.0185,0.0187,-0.116,-0.0355,-0.0122,,,,,,,,,,,,,
19/07/2021,0.0769,0.0148,0.0211,-0.0761,0.0254,0.0273,-0.0013,0.1198,0.033,0.067,-0.0032,0.0301,,,,,,,,,,,,,
26/07/2021,-0.003,-0.0182,0.0593,-0.0353,-0.017,-0.0038,0.0681,0.0239,0.0271,-0.1067,-0.0014,-0.0001,,,,,,,,,,,,,
02/08/2021,0.0445,0.0019,-0.0015,-0.061,-0.014,-0.0157,0.0173,0.0019,0.0623,-0.058,0.0305,0.0349,,,,,,,,,,,,,
09/08/2021,-0.0087,0.0218,0.0068,-0.0649,0.0361,-0.037,0.0258,-0.0233,0.0757,0.0708,0.0011,0.0178,,,,,,,,,,,,,
16/08/2021,0.0311,-0.0061,-0.0252,-0.1111,0.0237,-0.0123,-0.0515,-0.0203,0.005,-0.0198,-0.0454,-0.1265,,,,,,,,,,,,,
23/08/2021,0.0874,0.0028,0.0019,0.1094,-0.0128,0.0204,0.0465,0.0427,-0.0435,0.2866,0.0128,0.005,,,,,,,,,,,,,
30/08/2021,0.0091,0.0384,-0.0054,-0.0282,0.0034,0.001,0.0304,-0.0211,0.0052,-0.0107,-0.0199,0.0189,,,,,,,,,,,,,
06/09/2021,-0.0158,-0.0345,-0.0269,0.0145,-0.0437,-0.0409,0.0037,-0.0372,-0.0267,-0.0609,-0.0237,0.045,,,,,,,,,,,,,
13/09/2021,-0.0257,-0.0195,0.0078,-0.0714,-0.0124,0.0018,0.0315,-0.0187,-0.0373,0.0765,-0.0089,-0.049,,,,,,,,,,,,,
20/09/2021,0.0083,0.0059,0,-0.0154,0.0862,0.0327,0.0196,0.0389,0.0011,-0.0966,0.0004,0.0189,,,,,,,,,,,,,
27/09/2021,-0.0606,-0.0291,0.0013,0.0156,-0.0111,-0.0123,0.0011,-0.0008,-0.023,-0.0446,0.0241,-0.0201,,,,,,,,,,,,,
04/10/2021,0.0043,0.0018,0.0307,-0.0462,0.0156,-0.0453,0.0132,-0.0092,-0.0112,-0.0239,0.0792,-0.0037,,,,,,,,,,,,,
11/10/2021,0.0495,0.0136,0.0445,-0.0161,-0.0064,0.0224,0.0733,0.0161,-0.0226,0.0614,0.0527,0.0591,,,,,,,,,,,,,
18/10/2021,0.0395,0.0266,-0.0063,0.0328,0.0261,-0.0558,0.0791,-0.0321,0.0403,-0.0735,0.0017,0.0038,,,,,,,,,,,,,
25/10/2021,0.125,0.0075,-0.0601,0.0952,0.0095,-0.1752,0.2246,-0.0229,0.0134,0.0807,0.0017,0.0148,,,,,,,,,,,,,
01/11/2021,0.1637,0.0099,0.0196,-0.0435,0.0114,0.1054,0.097,0.0268,0.1113,0.1621,-0.0249,0.0468,,,,,,,,,,,,,
08/11/2021,0.0214,-0.0071,-0.016,-0.0909,-0.068,-0.0409,-0.1544,0.009,0.032,-0.0523,-0.0109,0.0197,,,,,,,,,,,,,
15/11/2021,0.0854,0.0704,-0.0072,-0.0833,-0.0364,-0.0565,0.1003,-0.0024,0.0215,0.1321,0.0034,0.0147,,,,,,,,,,,,,
22/11/2021,-0.0449,-0.0233,-0.0301,-0.0182,-0.0014,-0.0997,-0.0485,-0.0425,0.063,-0.1271,-0.0457,-0.0566,,,,,,,,,,,,,
29/11/2021,-0.0257,0.0321,-0.0142,-0.2222,-0.0415,-0.0988,-0.0619,-0.0072,0.005,-0.1368,0.0234,-0.0101,,,,,,,,,,,,,
06/12/2021,-0.016,0.1088,-0.001,0.0238,-0.0039,0.0528,0.002,-0.049,-0.0275,-0.0776,0.0236,0.041,,,,,,,,,,,,,
13/12/2021,-0.0794,-0.0463,-0.0367,-0.0465,0.037,-0.0121,-0.083,-0.0031,0.1269,-0.0212,0.0072,-0.0155,,,,,,,,,,,,,
20/12/2021,0.0661,0.03,0.0363,-0.0488,0.0289,0.0404,0.1442,0.0279,-0.0129,-0.0225,0.0195,0.0263,,,,,,,,,,,,,
27/12/2021,-0.0077,0.0073,0.023,-0.0256,0.0106,-0.0282,-0.0096,0.0074,0.0058,-0.0246,0.0094,0.0134,,,,,,,,,,,,,
03/01/2022,-0.0736,-0.0304,0.0218,-0.0263,-0.0132,0.1176,-0.0282,0.0282,-0.0564,-0.0524,0.0859,-0.0154,,,,,,,,,,,,,
10/01/2022,-0.0112,0.0052,0.048,-0.027,0.0238,0.0056,0.0221,-0.0042,-0.0138,-0.1705,0.0797,-0.0564,,,,,,,,,,,,,
17/01/2022,-0.1324,-0.0616,0.0163,-0.0278,0.0042,-0.015,-0.1007,-0.0098,-0.0393,-0.0882,-0.0419,0.0323,,,,,,,,,,,,,
24/01/2022,-0.0228,0.0488,-0.0083,-0.0857,0.0034,0.0673,-0.1033,-0.06,0.0292,-0.0794,0.0466,0.0275,,,,,,,,,,,,,
31/01/2022,0.0648,0.0121,-0.0221,0.1562,-0.0604,0.0425,0.0909,0.0164,-0.0171,0.0452,0.0465,-0.0144,,,,,,,,,,,,,
07/02/2022,-0.0152,-0.0205,0.048,0.0541,0.0416,0.0143,-0.0686,0.035,-0.0419,0.2141,0.0191,-0.0299,,,,,,,,,,,,,
14/02/2022,-0.0128,-0.0079,-0.0064,-0.1538,0.0314,-0.2554,-0.0035,-0.0195,-0.0443,-0.0219,-0.0264,0.0019,,,,,,,,,,,,,
21/02/2022,0.0218,-0.0146,0.0904,0.0606,0.012,-0.1798,-0.055,0.0702,-0.0167,-0.0243,-0.0147,-0.0287,,,,,,,,,,,,,
28/02/2022,-0.0505,-0.0102,0.0232,-0.0571,-0.0356,-0.1654,0.0351,0.2505,0.0195,-0.0584,-0.139,-0.1332,,,,,,,,,,,,,
07/03/2022,-0.0363,-0.0517,0.043,-0.0909,0.0492,0.1327,-0.0512,0.1677,0.0333,-0.1699,-0.0035,0.0296,,,,,,,,,,,,,
14/03/2022,0.197,0.0598,0.0031,0,0.0486,0.0648,0.1384,-0.0105,0.0843,-0.0205,0.0975,0.0748,,,,,,,,,,,,,
21/03/2022,0.0468,0.0655,0.044,0.0333,0.03,-0.0427,0.1162,0.0437,-0.0317,0.6736,0.0304,-0.021,,,,,,,,,,,,,
28/03/2022,-0.0354,-0.0023,-0.0609,0,0.0258,0.1618,0.0732,-0.0679,-0.0229,0.0859,0.0126,0.0377,,,,,,,,,,,,,
04/04/2022,-0.1345,-0.0242,0.0334,-0.1935,0.0648,-0.0358,-0.0545,0.0305,0.0698,-0.114,-0.0032,-0.0276,,,,,,,,,,,,,
11/04/2022,-0.0805,-0.0282,0.032,-0.1933,-0.0294,0.0343,-0.0395,0.166,-0.0372,0.0313,-0.0171,0.0131,,,,,,,,,,,,,
18/04/2022,-0.082,-0.0212,-0.0435,-0.1364,-0.0462,0.0129,0.0204,-0.0377,-0.0939,-0.0832,-0.0147,-0.0006,,,,,,,,,,,,,
25/04/2022,-0.0496,-0.0256,-0.0096,-0.0718,0.0082,-0.0677,-0.1336,0.0785,0.0195,-0.0951,-0.0727,-0.0314,,,,,,,,,,,,,
02/05/2022,0.0069,-0.0023,0.0116,0.0309,-0.0307,-0.0433,-0.0059,-0.0002,-0.0006,-0.0829,0.0077,-0.0825,,,,,,,,,,,,,
09/05/2022,-0.0519,-0.0633,-0.0237,-0.055,-0.019,-0.0047,-0.111,-0.0119,0.0179,-0.1422,-0.0173,0.0345,,,,,,,,,,,,,
16/05/2022,-0.0572,-0.0647,0.0268,0.0317,0.0486,-0.0078,-0.1373,-0.0131,0.0597,-0.0277,0.0013,-0.0425,,,,,,,,,,,,,
23/05/2022,0.1268,0.0876,0.0378,0.0205,0.018,-0.0953,0.1442,0.0385,0.0274,0.4344,0.0956,0.0661,,,,,,,,,,,,,
30/05/2022,-0.0048,-0.0285,0.0023,-0.0352,-0.0252,-0.1259,-0.0738,0.0356,-0.0132,-0.0256,-0.0214,0.0265,,,,,,,,,,,,,
06/06/2022,-0.0933,-0.0567,-0.0261,0.3854,-0.0595,-0.0837,-0.0098,-0.0444,-0.0607,-0.0345,-0.0655,-0.0594,,,,,,,,,,,,,
13/06/2022,-0.0643,-0.0406,-0.0339,-0.1466,-0.0113,-0.0319,-0.0666,-0.0872,-0.0688,0.0469,0.0052,-0.0492,,,,,,,,,,,,,
20/06/2022,0.0785,0.0768,0.0489,0.1894,0.0951,-0.0544,0.1335,0.0047,0.1087,0.0005,0.0665,0.0784,,,,,,,,,,,,,
27/06/2022,-0.152,-0.0193,0.0655,-0.1778,-0.0142,0.0109,-0.0751,0.0811,0.014,-0.0872,-0.0106,-0.0126,,,,,,,,,,,,,
04/07/2022,0.0905,0.0584,-0.0491,0.0225,0.0156,-0.2503,0.1034,-0.0077,0.0164,0.0415,-0.0337,0.0464,,,,,,,,,,,,,
11/07/2022,-0.0048,0.0213,-0.0366,0.0352,0.0057,0.2358,-0.0427,-0.0022,-0.0267,0.1019,-0.0294,0.0025,,,,,,,,,,,,,
18/07/2022,0.0988,0.0261,-0.0082,0.0851,-0.0313,0.0794,0.134,-0.0053,-0.01,0.0104,0.0088,0.0432,,,,,,,,,,,,,
25/07/2022,0.0487,0.0546,0.0078,-0.0314,0.015,-0.0151,0.0915,-0.1052,-0.0141,-0.0495,0.0155,0.0635,,,,,,,,,,,,,
01/08/2022,0.0455,0.0175,0.0181,0.2227,-0.003,0.0075,-0.0302,0.0022,-0.017,0.1767,0.0449,0.0107,,,,,,,,,,,,,
08/08/2022,-0.0147,0.0423,-0.013,-0.0695,0.0092,0.0744,0.0412,0.0073,0.017,0.018,0.0244,0.018,,,,,,,,,,,,,
15/08/2022,-0.046,-0.0034,0.004,0.0996,0.0151,-0.0338,-0.0112,0.0008,-0.0192,-0.1043,-0.0536,0.0055,,,,,,,,,,,,,
22/08/2022,-0.089,-0.0461,0.0071,-0.1068,-0.0127,-0.0114,-0.0289,0.0016,-0.0474,-0.1521,-0.0165,-0.042,,,,,,,,,,,,,
29/08/2022,-0.1607,-0.0477,-0.086,-0.1667,-0.0849,-0.1767,-0.0621,-0.0701,-0.0239,-0.1157,-0.0087,-0.0365,,,,,,,,,,,,,
05/09/2022,0.0542,0.01,0.0369,0.0913,0.0026,-0.0385,0.1091,0.0293,0.0468,0.057,0.0101,0.0119,,,,,,,,,,,,,
12/09/2022,-0.0824,-0.0424,-0.0397,-0.2271,-0.046,0.0748,0.0122,-0.0524,-0.0378,-0.0097,-0.0142,-0.0196,,,,,,,,,,,,,
19/09/2022,-0.0517,-0.0018,-0.0146,-0.0361,-0.0598,-0.0348,-0.0924,0.0152,-0.0424,-0.1257,-0.0755,-0.0568,,,,,,,,,,,,,
26/09/2022,-0.0301,-0.0813,0.0219,0.0481,0.0048,0.0081,-0.0366,0.0176,-0.0073,0.0036,-0.0742,0.0119,,,,,,,,,,,,,
03/10/2022,-0.0052,0.0137,0.0667,-0.1939,0.0102,-0.1361,-0.159,0.0132,-0.0329,0.0088,0.0031,0.0128,,,,,,,,,,,,,
10/10/2022,-0.0703,-0.0122,-0.0575,0.0316,-0.0078,0.0213,-0.0811,0.05,0.0128,-0.0284,-0.0126,0.0113,,,,,,,,,,,,,
17/10/2022,0.1104,0.0642,0.0431,0.0184,0,0.1665,0.0461,0.0368,0.0488,0.0272,0.0542,0.0101,,,,,,,,,,,,,
24/10/2022,0.1097,0.0575,0.044,0.0181,0.068,0.1294,0.0657,0.0566,0.0552,0.1134,-0.0474,0.0282,,,,,,,,,,,,,
31/10/2022,0.0233,-0.1115,-0.0454,-0.0237,0.0388,0.1589,-0.0921,0.0002,-0.0044,-0.0589,0.086,0.026,,,,,,,,,,,,,
07/11/2022,0.1534,0.0836,-0.0603,0.0061,0.0292,-0.0436,-0.0554,-0.1375,0.0167,-0.0155,-0.0039,0.06,,,,,,,,,,,,,
14/11/2022,-0.0562,0.0106,0.0836,-0.0241,0.0366,-0.1051,-0.0805,0.0695,0.0132,0.0575,0.0178,-0.0113,,,,,,,,,,,,,
21/11/2022,0.0559,-0.021,0.063,0.037,0.0169,-0.0123,0.0148,0.0385,0.0203,-0.0518,0.041,0.0029,,,,,,,,,,,,,
28/11/2022,0.0372,-0.002,0.0299,0.119,0.0348,-0.0574,0.0656,0.0185,0.0345,0.0516,0.0289,0.0216,,,,,,,,,,,,,
05/12/2022,0.0077,-0.0382,0.0149,0.7606,0.0158,-0.0445,-0.0811,0.0068,0.0159,-0.1777,-0.0072,0.0139,,,,,,,,,,,,,
12/12/2022,-0.0253,-0.0538,0.0191,0.3323,-0.0231,-0.0391,-0.161,0.0221,-0.0062,-0.0809,-0.0158,-0.0368,,,,,,,,,,,,,
19/12/2022,-0.0824,-0.0197,0.0012,-0.1043,0.0006,-0.1226,-0.1803,-0.0012,0.0084,-0.0346,0.0355,-0.0288,,,,,,,,,,,,,
26/12/2022,-0.0389,-0.0146,0.0101,-0.0937,-0.0026,-0.0304,0.0002,0.0106,-0.0114,-0.0807,0.0071,0.0091,,,,,,,,,,,,,
02/01/2023,0.0168,-0.0024,-0.0081,0.0419,0.0442,0.0884,-0.0822,0.0063,-0.0062,-0.1083,0.1011,0.1013,,,,,,,,,,,,,
09/01/2023,0.1373,0.0397,-0.0155,-0.2064,0.004,-0.02,0.0826,-0.0073,-0.0603,0.2448,0.0536,0.0487,,,,,,,,,,,,,
16/01/2023,0.0556,0.0231,0.0447,-0.0507,-0.0272,-0.0388,0.09,0.048,-0.0573,-0.0429,0.0191,-0.0032,,,,,,,,,,,,,
23/01/2023,0.1416,0.0585,-0.0047,0.1922,-0.0524,-0.0268,0.3334,-0.0058,-0.0293,0.1637,0.0084,0.0232,,,,,,,,,,,,,
30/01/2023,0.0361,0.0587,-0.0367,0.1881,-0.0319,0.0471,0.0679,0.0068,0.0154,-0.025,-0.0312,0.0355,,,,,,,,,,,,,
06/02/2023,0.0078,-0.0226,0.0099,0.2437,0.0858,-0.0244,0.0364,0.1171,-0.0041,-0.1339,0.0239,-0.0383,,,,,,,,,,,,,
13/02/2023,0.0058,0.0117,0.0531,0.4,0.0013,-0.0359,0.058,0.0998,-0.0153,0.1412,0.0133,0.0261,,,,,,,,,,,,,
20/02/2023,0.0887,-0.0383,0.0192,0.0188,-0.0377,-0.0507,-0.0549,0.1127,-0.0338,-0.1114,0.0182,-0.0502,,,,,,,,,,,,,
27/02/2023,0.0259,0.0294,-0.0034,-0.2436,-0.0034,0.0355,0.0046,0.0445,-0.0144,-0.043,-0.0205,0.0486,,,,,,,,,,,,,
06/03/2023,-0.0387,-0.0168,0.0186,-0.3427,-0.0155,0.0032,-0.1231,-0.0023,-0.0428,-0.0775,-0.0225,-0.0153,,,,,,,,,,,,,
13/03/2023,0.1204,0.0438,-0.0154,0.2137,0.0221,-0.0566,0.0386,-0.0506,0.018,-0.0377,-0.0632,-0.0191,,,,,,,,,,,,,
20/03/2023,0.041,0.0339,0.0848,-0.1009,0.0351,-0.0238,0.0571,0.0629,0.0072,0.4446,0,0.0332,,,,,,,,,,,,,
27/03/2023,0.0373,0.029,0.0188,0.1697,0.0221,-0.0244,0.0895,0.0197,0.0102,-0.04,0.0317,0.0381,,,,,,,,,,,,,
03/04/2023,-0.0266,-0.0015,0.0367,-0.0826,0.0422,-0.0325,-0.108,-0.0003,0.0172,-0.0269,0.0308,-0.0181,,,,,,,,,,,,,
10/04/2023,-0.0103,0.0033,0.0018,0.0633,0.021,-0.3907,-0.0003,-0.0054,-0.0075,0.0027,0.033,0.0768,,,,,,,,,,,,,
17/04/2023,0.0135,-0.0011,0.0031,-0.7963,0.0236,0.123,-0.1077,-0.0347,-0.0238,-0.0877,-0.0179,0.0093,,,,,,,,,,,,,
24/04/2023,0.0232,0.0282,0.0239,-0.0112,-0.0315,0.0113,-0.0047,-0.0416,-0.0328,-0.0586,0.0101,-0.0334,,,,,,,,,,,,,
01/05/2023,0.0336,0.0229,-0.0137,-0.0227,0.028,0.2013,0.035,0.033,-0.0103,0.0586,0.0596,0.0146,,,,,,,,,,,,,
08/05/2023,-0.0119,-0.0058,-0.0256,-0.186,-0.0072,-0.0833,-0.0122,0.0024,-0.0296,0.0132,-0.0183,0.0097,,,,,,,,,,,,,
15/05/2023,0.1032,0.0164,0.0042,0.0714,0.0008,0.061,0.0724,0.004,-0.0049,0.0662,0.0355,-0.0125,,,,,,,,,,,,,
22/05/2023,0.2457,0.0015,-0.0456,-0.0133,-0.0304,0.0901,0.0723,-0.016,0.0226,0.0539,-0.013,-0.0352,,,,,,,,,,,,,
29/05/2023,0.0098,0.0315,0.0021,0.0405,0.001,-0.0237,0.1077,0.0132,0.0202,0.0598,0,-0.0149,,,,,,,,,,,,,
05/06/2023,-0.0142,0.0001,0.0065,-0.0519,0.0203,0.0817,0.1422,-0.0204,0.0159,-0.0795,0.0167,-0.0131,,,,,,,,,,,,,
12/06/2023,0.1013,0.0219,0.0442,-0.274,0.0157,0.1049,0.066,0.0219,0.028,0.0829,0.019,0.0593,,,,,,,,,,,,,
19/06/2023,-0.0113,0.0095,-0.0374,-0.1887,-0.0412,-0.0452,-0.0151,-0.0087,-0.0439,-0.035,-0.0242,-0.0443,,,,,,,,,,,,,
26/06/2023,0.0022,0.0391,-0.0093,-0.0698,-0.0076,-0.0247,0.0201,-0.0149,-0.0423,0.0232,0.0364,0.0396,,,,,,,,,,,,,
03/07/2023,0.0048,-0.017,-0.0321,-0.05,-0.0939,0.0092,0.0484,-0.0151,-0.0314,-0.0635,-0.0088,-0.0436,,,,,,,,,,,,,
10/07/2023,0.0698,0.0001,0.0502,0.1842,0.039,-0.0396,0.0253,-0.0129,0.0222,0.0114,0.0278,0.0811,,,,,,,,,,,,,
17/07/2023,-0.0255,0.0066,-0.0057,-0.0889,0.0291,-0.0312,-0.0759,0.0198,0.0297,-0.0344,0.025,-0.0273,,,,,,,,,,,,,
24/07/2023,0.0551,0.0203,0.0012,-0.0488,0.0287,0.0977,0.0247,-0.0526,-0.0356,-0.0113,0.0087,-0.0308,,,,,,,,,,,,,
31/07/2023,-0.0443,-0.0707,0.0721,0,-0.0271,0.0079,-0.0472,0.0241,-0.0183,-0.0433,-0.0225,-0.03,,,,,,,,,,,,,
07/08/2023,-0.0856,-0.0231,0.0111,-0.1795,0.014,-0.0255,-0.0442,-0.0068,0.0291,-0.0377,-0.0167,0.0054,,,,,,,,,,,,,
14/08/2023,0.0598,-0.0172,-0.0509,-0.125,-0.0208,-0.0616,-0.1119,-0.0158,0.0172,-0.0906,-0.0494,-0.053,,,,,,,,,,,,,
21/08/2023,0.0628,0.0236,0.0192,0.1429,-0.0031,-0.0136,0.1072,0.0336,-0.0076,-0.067,-0.004,0.0108,,,,,,,,,,,,,
28/08/2023,0.0541,0.0607,0.0141,-0.0625,-0.0016,0.0711,0.0269,0.0265,-0.0165,0.0753,0.0011,-0.0121,,,,,,,,,,,,,
04/09/2023,-0.0605,-0.0595,0.0087,-0.1,0.0012,-0.0892,0.0142,0.0193,-0.0428,-0.0385,-0.0154,-0.0461,,,,,,,,,,,,,
11/09/2023,-0.0366,-0.0178,0.0179,-0.037,0.0007,-0.0939,0.1042,0.0472,-0.0053,0.0288,0.0622,0.0286,,,,,,,,,,,,,
18/09/2023,-0.0522,-0.0013,-0.053,-0.0385,-0.0064,-0.0554,-0.1075,-0.0783,-0.0405,-0.0571,0.0069,-0.038,,,,,,,,,,,,,
25/09/2023,0.0454,-0.0205,-0.0145,-0.08,-0.0016,-0.0717,0.0218,-0.0273,0.0147,-0.0419,-0.002,-0.0217,,,,,,,,,,,,,
02/10/2023,0.052,0.0367,-0.0119,-0.0435,-0.0044,-0.8878,0.0412,-0.0575,-0.0012,-0.0838,0.0258,0.0186,,,,,,,,,,,,,
09/10/2023,-0.0066,0.0077,0.0882,0.1364,-0.0013,1.2483,-0.0361,0.1082,-0.0308,-0.0106,-0.018,-0.0947,,,,,,,,,,,,,
16/10/2023,-0.0896,-0.0334,-0.0149,-0.08,-0.052,-0.2356,-0.1558,-0.0426,-0.0455,-0.0992,-0.0518,0.0051,,,,,,,,,,,,,
23/10/2023,-0.0214,-0.027,0.0301,-0.087,-0.0304,-0.0963,-0.0221,0.0165,-0.0176,-0.0238,-0.026,-0.0039,,,,,,,,,,,,,
30/10/2023,0.1112,0.0501,0.0186,0.0952,0.0334,-0.1045,0.0611,0.0166,0.0382,0.0572,0.0199,0.0626,,,,,,,,,,,,,
06/11/2023,0.074,0.0552,0.0059,-0.0435,-0.0124,-0.0595,-0.0241,-0.024,-0.0569,-0.0959,-0.011,-0.0223,,,,,,,,,,,,,
13/11/2023,0.0199,0.019,-0.0342,-0.0909,0.0152,-0.0532,0.0915,-0.0103,0.0286,0.0391,0.0559,0.0357,,,,,,,,,,,,,
20/11/2023,-0.0309,0.0015,0.0288,-0.05,0.0058,-0.0027,0.0049,0.0216,0.0194,-0.0637,0.001,-0.0066,,,,,,,,,,,,,
27/11/2023,-0.0212,0.0067,0.0022,0.1579,0.0045,-0.1287,0.0144,-0.0313,-0.0521,0.2541,0.001,-0.0109,,,,,,,,,,,,,
04/12/2023,0.0158,0.0234,-0.0292,-0.0455,-0.0238,-0.1692,0.021,-0.0109,-0.0045,0.0163,0.0142,0.0571,,,,,,,,,,,,,
11/12/2023,0.0292,0.0095,0.0358,0.0476,0.0245,0.1222,0.0396,0.0526,-0.0747,0.11,-0.0092,0.0206,,,,,,,,,,,,,
18/12/2023,-0.0012,-0.0201,0.0353,-0.1364,0.023,-0.1056,-0.0038,0.0349,0.0665,-0.0168,0.0366,-0.0143,,,,,,,,,,,,,
25/12/2023,0.0142,-0.0055,0.0203,0.1579,0.016,-0.059,-0.0161,0.0253,0.0137,0.033,0.0067,-0.0056,,,,,,,,,,,,,
01/01/2024,-0.0086,-0.059,0.0318,-0.0909,0.0153,0.0118,-0.0442,0.0458,0.0236,-0.0896,0.0049,-0.0609,,,,,,,,,,,,,
08/01/2024,0.1143,0.0262,0.0342,-0.05,0.0152,-0.0078,-0.0783,0.0648,-0.0261,-0.0758,-0.0334,-0.0276,,,,,,,,,,,,,
15/01/2024,0.0874,0.0303,-0.0182,-0.0526,-0.0415,-0.0625,-0.0306,-0.0086,-0.0146,-0.0163,-0.0353,-0.0157,,,,,,,,,,,,,
22/01/2024,0.0259,0.0045,-0.0035,0,0.0084,-0.2792,-0.1364,-0.0009,-0.0286,-0.0014,0.0437,0.1724,,,,,,,,,,,,,
29/01/2024,0.084,-0.0341,-0.0022,0,-0.0218,-0.0751,0.0254,0.0158,-0.0049,0.0166,-0.0076,0.0065,,,,,,,,,,,,,
05/02/2024,0.0903,0.0161,0.0359,0.1667,-0.0515,0.0125,0.0301,0.0637,0.0234,-0.0048,-0.0081,0.0378,,,,,,,,,,,,,
12/02/2024,0.0067,-0.0334,0.0115,0.0952,0.0323,-0.0309,0.033,0.0939,0.0022,-0.0368,0.0331,0.0103,,,,,,,,,,,,,
19/02/2024,0.0854,0.0012,0.0127,-0.1304,0.0243,0.0637,-0.0399,-0.003,0.0051,-0.0432,-0.0526,0.042,,,,,,,,,,,,,
26/02/2024,0.0439,-0.0157,0.005,-0.2725,-0.0036,3.6707,0.0556,0.04,-0.0421,0.1066,0.0204,-0.0044,,,,,,,,,,,,,
04/03/2024,0.0638,-0.0497,0.0204,-0.0172,0.0294,-0.6154,-0.1347,0.001,0.0237,-0.0201,-0.0395,-0.0018,,,,,,,,,,,,,
11/03/2024,0.0036,0.0111,0.0229,0.0175,-0.0029,0.1067,-0.0671,0.0581,0.0265,-0.028,0.0625,0.0206,,,,,,,,,,,,,
18/03/2024,0.0735,-0.002,0.0412,0.0893,-0.0008,-0.0813,0.0444,0.074,-0.0208,-0.0801,0.0343,-0.0391,,,,,,,,,,,,,
25/03/2024,-0.0417,-0.0046,-0.0066,-0.0063,0.0225,-0.0361,0.029,0.0188,0.0143,-0.0443,-0.004,0.0062,,,,,,,,,,,,,
01/04/2024,-0.026,-0.0111,-0.0211,-0.0413,-0.0044,-0.0578,-0.0619,0.0067,-0.0393,-0.1014,0.0346,-0.0407,,,,,,,,,,,,,
08/04/2024,0.002,0.0411,-0.024,-0.0066,0.0219,-0.0939,0.0373,-0.0407,-0.03,-0.0427,-0.0022,-0.0233,,,,,,,,,,,,,
15/04/2024,-0.1359,-0.0654,-0.016,-0.0467,-0.0055,-0.0279,-0.1403,-0.0213,0.0054,-0.0325,-0.0027,0.0197,,,,,,,,,,,,,
22/04/2024,0.1514,0.0261,0.0613,-0.0105,0.0966,-0.0246,0.1444,0.0163,-0.0231,0.142,0.0341,-0.0055,,,,,,,,,,,,,
29/04/2024,0.012,0.0832,0.0084,-0.1731,0.0157,0.1134,0.0767,-0.0351,0.0949,0.384,0.0609,-0.0035,,,,,,,,,,,,,
06/05/2024,0.0123,-0.0018,0.0218,0.0684,0.0109,0,-0.0702,0.0296,0.0072,0.0601,-0.0191,0.0082,,,,,,,,,,,,,
13/05/2024,0.0289,0.0387,-0.0087,0.196,-0.0036,0.0113,0.0534,0.0597,0.0379,0.2721,0.0577,-0.0066,,,,,,,,,,,,,
20/05/2024,0.1513,0.0006,0.0221,0,0.0213,0.3694,0.01,0.043,0.0084,-0.1445,-0.0036,-0.0424,,,,,,,,,,,,,
27/05/2024,0.0297,0.0119,0.0098,-0.0401,-0.0066,-0.0463,-0.0065,0.0132,-0.0076,0.2179,0.0061,-0.0201,,,,,,,,,,,,,
03/06/2024,0.1027,0.0241,-0.0054,0.0105,0.0256,-0.0457,-0.0034,0.0742,-0.0028,0.2195,-0.0049,0.0376,,,,,,,,,,,,,
10/06/2024,0.0909,0.0792,-0.046,-0.1862,-0.0054,-0.1557,0.003,-0.1146,-0.0367,0.017,-0.0272,-0.067,,,,,,,,,,,,,
17/06/2024,-0.0402,-0.0235,-0.0164,-0.0212,-0.0089,-0.0355,0.0281,-0.0037,0.0076,-0.1662,0.0065,0.0083,,,,,,,,,,,,,
24/06/2024,-0.0239,0.0151,-0.0043,-0.0433,-0.0113,0.0478,0.0813,0.0621,0.0087,0.0318,0,-0.0052,,,,,,,,,,,,,
01/07/2024,-0.007,0.0458,-0.0308,0.0181,-0.0128,0.1088,0.1687,-0.0361,-0.0054,-0.0288,0.0133,-0.0056,,,,,,,,,,,,,
03/07/2024,-0.0042,0.0039,0.0096,0,-0.0029,-0.0475,0.0417,0.0311,-0.0014,0.0013,-0.0024,0.0111,,,,,,,,,,,,,
